,train_loss,f1_score_test_yolo,accuracy_test_yolo,precision_test_yolo,recall_test_yolo,test_loss,test_f1,test_acc,test_prec,test_recall,time_duration
0,0.6869179713826946,0.6794871794871795,0.5370370370370371,0.9298245614035088,0.5353535353535354,0.8069884553551674,0.4022189128007542,0.42934782608695654,0.652529761904762,0.2941513347763348,271.0
1,0.697650575436012,0.6794871794871795,0.5370370370370371,0.9298245614035088,0.5353535353535354,0.7734470516443253,0.3581221882692471,0.44021739130434784,0.5238095238095238,0.2735483266733267,285.0
2,0.6992918911695192,0.6794871794871795,0.5370370370370371,0.9298245614035088,0.5353535353535354,0.7399294376373291,0.38125477463712754,0.5054347826086957,0.5029761904761905,0.31037538850038854,541.0
3,0.6905779482810318,0.6794871794871795,0.5370370370370371,0.9298245614035088,0.5353535353535354,0.7147497236728668,0.4139646344367707,0.5597826086956521,0.5238095238095238,0.34578373015873015,560.0
4,0.6980728252623074,0.6794871794871795,0.5370370370370371,0.9298245614035088,0.5353535353535354,0.6984980404376984,0.4454044117647059,0.592391304347826,0.5446428571428572,0.38409090909090904,821.0
