,train_loss,f1_score_test_yolo,accuracy_test_yolo,precision_test_yolo,recall_test_yolo,test_loss,test_f1,test_acc,test_prec,test_recall,time_duration
0,0.7299330335069885,0.5352112676056338,0.3888888888888889,0.6666666666666666,0.4470588235294118,0.6475359871983528,0.17976190476190473,0.5652173913043478,0.16666666666666663,0.19851190476190472,328.0
1,0.7187361036851876,0.5352112676056338,0.3888888888888889,0.6666666666666666,0.4470588235294118,0.654765360057354,0.16152597402597402,0.5923913043478262,0.14583333333333331,0.1869047619047619,375.0
2,0.7226931683746186,0.5352112676056338,0.3888888888888889,0.6666666666666666,0.4470588235294118,0.657984122633934,0.14262820512820512,0.5869565217391305,0.12797619047619047,0.1625,706.0
3,0.7196847535534666,0.5352112676056338,0.3888888888888889,0.6666666666666666,0.4470588235294118,0.6550411731004715,0.1483100233100233,0.5923913043478262,0.13095238095238093,0.1794642857142857,749.0
4,0.7206465672913311,0.5352112676056338,0.3888888888888889,0.6666666666666666,0.4470588235294118,0.6539746075868607,0.16433566433566435,0.592391304347826,0.14880952380952378,0.1919642857142857,1085.0
