,train_loss,f1_score_test_yolo,accuracy_test_yolo,precision_test_yolo,recall_test_yolo,test_loss,test_f1,test_acc,test_prec,test_recall,time_duration
0,0.7329896134217387,0.6918238993710691,0.5462962962962963,0.9649122807017544,0.5392156862745098,0.745028031261071,0.5307443722565206,0.5271739130434783,0.8913690476190477,0.3810438250260232,277.0
1,0.7320457392044482,0.6918238993710691,0.5462962962962963,0.9649122807017544,0.5392156862745098,0.7380248172127681,0.53120293353989,0.5380434782608695,0.8735119047619048,0.38364892009435353,274.0
2,0.7143695709062459,0.6918238993710691,0.5462962962962963,0.9649122807017544,0.5392156862745098,0.7321286016832227,0.5341791240160805,0.5434782608695652,0.8764880952380952,0.3874367988822323,555.0
3,0.7249758870636291,0.6918238993710691,0.5462962962962963,0.9649122807017544,0.5392156862745098,0.7391587168626162,0.5464168862538428,0.5652173913043478,0.8764880952380952,0.3997175006366183,553.0
4,0.7196023583123877,0.6918238993710691,0.5462962962962963,0.9649122807017544,0.5392156862745098,0.7369330661452335,0.5529743337942624,0.5760869565217391,0.8764880952380952,0.40769702111613876,834.0
