,train_loss,f1_score_test_yolo,accuracy_test_yolo,precision_test_yolo,recall_test_yolo,test_loss,test_f1,test_acc,test_prec,test_recall,time_duration
0,0.8113512998624752,0.64,0.5,0.8421052631578947,0.5161290322580645,0.8768139546332152,0.5501415175870711,0.4402173913043478,0.8432539682539683,0.40979532163742693,159.0
1,0.8085410996388641,0.64,0.5,0.8421052631578947,0.5161290322580645,0.8295654356479645,0.5564514511325395,0.45652173913043476,0.8392857142857143,0.4168915879442195,194.0
2,0.81568317697299,0.64,0.5,0.8421052631578947,0.5161290322580645,0.8202016638672869,0.544409318751424,0.44565217391304346,0.8154761904761904,0.40965307412675833,346.0
3,0.8117871767376181,0.64,0.5,0.8421052631578947,0.5161290322580645,0.8176199113545211,0.5447194315118844,0.4565217391304348,0.8015873015873015,0.41375736638894534,379.0
4,0.8103772150994502,0.64,0.5,0.8421052631578947,0.5161290322580645,0.8154941240082616,0.5445163711417581,0.45652173913043476,0.8015873015873016,0.4135114135114135,524.0
