,train_loss,f1_score_test_yolo,accuracy_test_yolo,precision_test_yolo,recall_test_yolo,test_loss,test_f1,test_acc,test_prec,test_recall,time_duration
0,0.993380071396388,0.6871165644171779,0.5277777777777778,0.9824561403508771,0.5283018867924528,0.8526178061962126,0.6015793861311103,0.4421052631578947,0.9172979797979798,0.44900240798073615,348.0
1,0.9727178112540431,0.6871165644171779,0.5277777777777778,0.9824561403508771,0.5283018867924528,0.8767174243927003,0.5908606234123475,0.43157894736842106,0.8964646464646465,0.4426143790849673,360.0
2,0.9802710850840632,0.6871165644171779,0.5277777777777778,0.9824561403508771,0.5283018867924528,0.8894862174987792,0.5908606234123476,0.43157894736842106,0.8964646464646465,0.4426143790849673,701.0
3,0.980113705119994,0.6871165644171779,0.5277777777777778,0.9824561403508771,0.5283018867924528,0.8956618547439574,0.5962737288254529,0.4368421052631579,0.9089646464646465,0.4458307533539731,719.0
