,train_loss,f1_score_test_yolo,accuracy_test_yolo,precision_test_yolo,recall_test_yolo,test_loss,test_f1,test_acc,test_prec,test_recall,time_duration
0,1.74084751127125,0.0,0.4722222222222222,0.0,0.0,5863790950.339918,0.059259259259259255,0.5210526315789473,0.09999999999999999,0.9421052631578946,355.0
1,1.2743126450160753,0.0,0.4722222222222222,0.0,0.0,80391589523716.44,0.059259259259259255,0.5210526315789474,0.09999999999999999,0.9421052631578946,362.0
2,1.0919940718314023,0.0,0.4722222222222222,0.0,0.0,2586363868521623.5,0.26486945019553715,0.5315789473684209,0.34797979797979794,0.7580200501253133,694.0
3,1.1634746611770128,0.0,0.4722222222222222,0.0,0.0,92443.94196219802,0.18175925925925926,0.5526315789473685,0.18227272727272725,0.8345588235294117,698.0
4,1.1305324107914876,0.0,0.4722222222222222,0.0,0.0,859.7843880458881,0.0,0.5368421052631579,0.0,0.9999999999999999,1030.0
