,train_loss,f1_score_test_yolo,accuracy_test_yolo,precision_test_yolo,recall_test_yolo,test_loss,test_f1,test_acc,test_prec,test_recall,time_duration
0,0.5055682901135379,0.22857142857142856,0.5,0.14035087719298245,0.6153846153846154,0.373745120089987,0.7854243848076864,0.8532608695652174,0.6805555555555556,0.9427083333333334,165.0
1,0.3084065194772117,0.2465753424657534,0.49074074074074076,0.15789473684210525,0.5625,0.2559161023439273,0.894839474251239,0.9184782608695654,0.8551587301587302,0.9392361111111112,188.0
2,0.22015461221139118,0.2535211267605634,0.5092592592592593,0.15789473684210525,0.6428571428571429,0.18668113203476305,0.9205466027874565,0.9402173913043478,0.8789682539682541,0.9696428571428573,353.0
3,0.16486401917207918,0.20588235294117646,0.5,0.12280701754385964,0.6363636363636364,0.13895877446655347,0.9568894520114033,0.9673913043478262,0.9186507936507937,1.0,380.0
4,0.12571229805500936,0.1791044776119403,0.49074074074074076,0.10526315789473684,0.6,0.10463908727726212,0.9640323091542604,0.9728260869565217,0.9325396825396826,1.0,532.0
