,train_loss,f1_score_test_yolo,accuracy_test_yolo,precision_test_yolo,recall_test_yolo,test_loss,test_f1,test_acc,test_prec,test_recall,time_duration
0,0.5800026466274926,0.23684210526315788,0.46296296296296297,0.15789473684210525,0.47368421052631576,0.7000916321640429,0.8568392907402196,0.8967391304347826,0.7718253968253967,0.96875,167.0
1,0.47645505322222265,0.0,0.4722222222222222,0.0,0.0,0.5062871442540833,0.7958562811434566,0.8641304347826086,0.6865079365079365,0.975,178.0
2,0.31662813400198786,0.031746031746031744,0.4351851851851852,0.017543859649122806,0.16666666666666666,0.23772018969706865,0.9210666023166023,0.9402173913043479,0.871031746031746,0.9868421052631579,364.0
3,0.19936869092997359,0.273972602739726,0.5092592592592593,0.17543859649122806,0.625,0.20890841177037067,0.9110955004251857,0.923913043478261,0.9325396825396826,0.8959330143540669,367.0
4,0.17457274200694303,0.0,0.4722222222222222,0.0,0.0,0.14688527337072982,0.9442146089204914,0.9565217391304348,0.9087301587301588,0.984375,557.0
