,train_loss,f1_score_test_yolo,accuracy_test_yolo,precision_test_yolo,recall_test_yolo,test_loss,test_f1,test_acc,test_prec,test_recall,time_duration
0,1.8225753215088667,0.0,0.4722222222222222,0.0,0.0,11378343639.204445,0.05555555555555555,0.7010869565217391,0.041666666666666664,0.9583333333333333,268.0
1,1.3323425745733415,0.0,0.4722222222222222,0.0,0.0,1380476176.6234286,0.1728494623655914,0.5923913043478259,0.3125,0.7481884057971016,280.0
2,1.309735522809311,0.6909090909090909,0.5277777777777778,1.0,0.5277777777777778,12619498962433.463,0.45486916679908895,0.3423913043478261,0.921875,0.3233695652173913,534.0
3,1.4430843394209136,0.0,0.4722222222222222,0.0,0.0,29714662060916.973,0.11005747126436782,0.5869565217391304,0.25,0.8206521739130436,557.0
4,0.9601883820495697,0.0,0.4722222222222222,0.0,0.0,652605718531.4525,0.0,0.6956521739130433,0.0,1.0,806.0
