,train_loss,f1_score_test_yolo,accuracy_test_yolo,precision_test_yolo,recall_test_yolo,test_loss,test_f1,test_acc,test_prec,test_recall,time_duration
0,0.6902374248793631,0.3132530120481928,0.4722222222222222,0.22807017543859648,0.5,0.7064776718616486,0.4346978021978022,0.5842105263157895,0.36338383838383836,0.6,348.0
1,0.695436834059294,0.2962962962962963,0.4722222222222222,0.21052631578947367,0.5,0.7018888890743256,0.4229246192404087,0.5789473684210527,0.35088383838383835,0.5948412698412698,352.0
2,0.6535780853004132,0.2962962962962963,0.4722222222222222,0.21052631578947367,0.5,0.6921233057975769,0.42567182817182814,0.5894736842105264,0.3433838383838384,0.630952380952381,698.0
3,0.6608203423110026,0.2962962962962963,0.4722222222222222,0.21052631578947367,0.5,0.6795682311058044,0.41618131868131863,0.5894736842105264,0.3342929292929293,0.6226190476190476,702.0
4,0.647927983437927,0.275,0.46296296296296297,0.19298245614035087,0.4782608695652174,0.6679901957511901,0.43410256410256404,0.5947368421052632,0.35588383838383836,0.6028571428571429,1045.0
