,train_loss,f1_score_test_yolo,accuracy_test_yolo,precision_test_yolo,recall_test_yolo,test_loss,test_f1,test_acc,test_prec,test_recall,time_duration
0,0.7019487206198742,0.4528301886792453,0.46296296296296297,0.42105263157894735,0.4897959183673469,0.5947803072631359,0.2797077922077922,0.6956521739130435,0.20386904761904762,0.5208333333333333,273.0
1,0.662797160563763,0.48,0.5185185185185185,0.42105263157894735,0.5581395348837209,0.5661517158150673,0.3354818792318792,0.717391304347826,0.25744047619047616,0.5416666666666666,275.0
2,0.6632039410027224,0.46938775510204084,0.5185185185185185,0.40350877192982454,0.5609756097560976,0.554292275853779,0.37718253968253973,0.7228260869565217,0.3013392857142857,0.5791666666666666,550.0
3,0.6299438140654968,0.4742268041237113,0.5277777777777778,0.40350877192982454,0.575,0.5343573297495428,0.38130341880341884,0.7282608695652173,0.3013392857142857,0.5916666666666667,558.0
4,0.6018115706362965,0.4742268041237113,0.5277777777777778,0.40350877192982454,0.575,0.5164479992311933,0.40352564102564104,0.7336956521739129,0.31919642857142855,0.6124999999999999,829.0
