,train_loss,f1_score_test_yolo,accuracy_test_yolo,precision_test_yolo,recall_test_yolo,test_loss,test_f1,test_acc,test_prec,test_recall,time_duration
0,0.7211143487237818,0.6521739130434783,0.5555555555555556,0.7894736842105263,0.5555555555555556,0.7641766246246255,0.507415591654722,0.5163043478260869,0.8251488095238096,0.36825005221386803,325.0
1,0.7176126795567508,0.6521739130434783,0.5555555555555556,0.7894736842105263,0.5555555555555556,0.7548127261840779,0.49894189144189144,0.5108695652173912,0.8072916666666666,0.3632631257631258,376.0
2,0.7128005629943677,0.6521739130434783,0.5555555555555556,0.7894736842105263,0.5555555555555556,0.755116891277873,0.5001323676323677,0.5108695652173912,0.8072916666666666,0.3640873015873016,700.0
3,0.71516846720368,0.6521739130434783,0.5555555555555556,0.7894736842105263,0.5555555555555556,0.7555119447086167,0.4959915808828852,0.5163043478260869,0.7894345238095237,0.3636633297043514,750.0
4,0.7122733194781905,0.6521739130434783,0.5555555555555556,0.7894736842105263,0.5555555555555556,0.753805255436379,0.507288961038961,0.5271739130434783,0.8072916666666666,0.37173651511886807,1072.0
