,train_loss,f1_score_test_yolo,accuracy_test_yolo,precision_test_yolo,recall_test_yolo,test_loss,test_f1,test_acc,test_prec,test_recall,time_duration
0,0.7217462976365164,0.6521739130434783,0.5555555555555556,0.7894736842105263,0.5555555555555556,0.6851186927246011,0.5798962806903816,0.5978260869565217,0.6805555555555555,0.5054347826086957,169.0
1,0.7183383632960313,0.6521739130434783,0.5555555555555556,0.7894736842105263,0.5555555555555556,0.6792443388182184,0.5945695918753208,0.6141304347826086,0.6944444444444444,0.520018115942029,184.0
2,0.7136002534317999,0.6521739130434783,0.5555555555555556,0.7894736842105263,0.5555555555555556,0.6785163756297983,0.5987224157955865,0.6141304347826086,0.7083333333333333,0.5193236714975845,362.0
3,0.718443928455355,0.6423357664233577,0.5462962962962963,0.7719298245614035,0.55,0.6727332369140957,0.5977225672877846,0.6141304347826086,0.7083333333333333,0.5188041125541125,370.0
4,0.7210503211549,0.6423357664233577,0.5462962962962963,0.7719298245614035,0.55,0.6773990055789119,0.5624482401656314,0.5815217391304348,0.6666666666666666,0.4880952380952381,542.0
