,train_loss,f1_score_test_yolo,accuracy_test_yolo,precision_test_yolo,recall_test_yolo,test_loss,test_f1,test_acc,test_prec,test_recall,time_duration
0,0.4440018357076112,0.3037974683544304,0.49074074074074076,0.21052631578947367,0.5454545454545454,0.3358158573508263,0.870268081591611,0.894736842105263,0.778080808080808,0.9999999999999999,342.0
1,0.17164085442821186,0.38961038961038963,0.5648148148148148,0.2631578947368421,0.75,0.2253895539790392,0.9413347093223254,0.9473684210526313,0.8930050505050504,0.9999999999999999,350.0
2,0.08352117085133146,0.2028985507246377,0.49074074074074076,0.12280701754385964,0.5833333333333334,0.1667214076966047,0.9530065359477123,0.957894736842105,0.9132070707070706,0.9999999999999999,688.0
3,0.06985041685854491,0.06451612903225806,0.46296296296296297,0.03508771929824561,0.4,0.21222382737323642,0.9347058823529413,0.9421052631578946,0.8809848484848485,0.9999999999999999,698.0
4,0.02570678294552671,0.15384615384615385,0.49074074074074076,0.08771929824561403,0.625,0.10164369649719447,0.9590289449112979,0.9631578947368419,0.9236868686868687,0.9999999999999999,1038.0
