,train_loss,f1_score_test_yolo,accuracy_test_yolo,precision_test_yolo,recall_test_yolo,test_loss,test_f1,test_acc,test_prec,test_recall,time_duration
0,0.3487293514766667,0.4444444444444444,0.5370370370370371,0.3508771929824561,0.6060606060606061,0.22699320541792795,0.9190132193228167,0.9315789473684211,0.8591919191919191,0.9999999999999999,360.0
1,0.14185250022683688,0.6078431372549019,0.6296296296296297,0.543859649122807,0.6888888888888889,0.15203112533781676,0.9537908496732027,0.9578947368421051,0.9145959595959596,0.9999999999999999,358.0
2,0.11268149649055259,0.2972972972972973,0.5185185185185185,0.19298245614035087,0.6470588235294118,0.1217843257001062,0.959673202614379,0.9631578947368419,0.9257070707070707,0.9999999999999999,717.0
3,0.07649000645479531,0.09523809523809523,0.4722222222222222,0.05263157894736842,0.5,0.25017898691244467,0.8943478889531521,0.9157894736842103,0.8255050505050505,0.9999999999999999,715.0
4,0.046789593502575305,0.17391304347826086,0.4722222222222222,0.10526315789473684,0.5,0.07523054522994485,0.9771241830065358,0.9789473684210525,0.9577777777777777,0.9999999999999999,1071.0
