,train_loss,f1_score_test_yolo,accuracy_test_yolo,precision_test_yolo,recall_test_yolo,test_loss,test_f1,test_acc,test_prec,test_recall,time_duration
0,0.7924436347372154,0.3132530120481928,0.4722222222222222,0.22807017543859648,0.5,0.8347317518099495,0.45746753246753247,0.38586956521739124,0.6468253968253969,0.3579384927008017,161.0
1,0.7879965368032168,0.3132530120481928,0.4722222222222222,0.22807017543859648,0.5,0.8291850770297258,0.5032275132275132,0.4347826086956521,0.7142857142857143,0.39193102187941115,180.0
2,0.7845031273119971,0.3132530120481928,0.4722222222222222,0.22807017543859648,0.5,0.8226379298645518,0.4956764928193499,0.4293478260869565,0.7003968253968254,0.3871427154277982,348.0
3,0.7838060335135661,0.3132530120481928,0.4722222222222222,0.22807017543859648,0.5,0.8175870970539424,0.4982275132275132,0.4347826086956521,0.7003968253968254,0.3903685218794112,362.0
4,0.7826244990367267,0.3132530120481928,0.4722222222222222,0.22807017543859648,0.5,0.8139773963586143,0.4982275132275132,0.43478260869565216,0.7003968253968254,0.3903685218794112,540.0
