,train_loss,f1_score_test_yolo,accuracy_test_yolo,precision_test_yolo,recall_test_yolo,test_loss,test_f1,test_acc,test_prec,test_recall,time_duration
0,0.7005148607124874,0.0,0.46296296296296297,0.0,0.0,0.5883506014943123,0.12569444444444444,0.6684782608695651,0.08779761904761904,0.35416666666666663,313.0
1,0.6795406787146103,0.0,0.4722222222222222,0.0,0.0,0.6474062874913216,0.0,0.6956521739130432,0.0,1.0,358.0
2,0.650853600618773,0.0,0.4722222222222222,0.0,0.0,0.6623695567250252,0.0,0.6956521739130435,0.0,1.0,675.0
3,0.64329909579209,0.0,0.4722222222222222,0.0,0.0,0.6723175346851349,0.0,0.6956521739130433,0.0,1.0,736.0
