,train_loss,f1_score_test_yolo,accuracy_test_yolo,precision_test_yolo,recall_test_yolo,test_loss,test_f1,test_acc,test_prec,test_recall,time_duration
0,1.05446930238673,0.0,0.4722222222222222,0.0,0.0,321.406823101251,0.0,0.5923913043478262,0.0,1.0,160.0
1,1.0224253504639524,0.0,0.4722222222222222,0.0,0.0,0.7189502379168635,0.041666666666666664,0.5978260869565217,0.023809523809523805,0.9166666666666666,195.0
2,1.1885554251748676,0.6909090909090909,0.5277777777777778,1.0,0.5277777777777778,0.712161681574324,0.5785914179104478,0.4076086956521739,1.0,0.4076086956521739,347.0
3,0.8638300774968087,0.0,0.4722222222222222,0.0,0.0,0.6744478118160496,0.0,0.5923913043478262,0.0,1.0,373.0
4,0.8866620073872005,0.0,0.4722222222222222,0.0,0.0,0.7087311815956364,0.14285714285714285,0.5434782608695652,0.25,0.85,524.0
