,train_loss,f1_score_test_yolo,accuracy_test_yolo,precision_test_yolo,recall_test_yolo,test_loss,test_f1,test_acc,test_prec,test_recall,time_duration
0,1.7285901828429142,0.0,0.4722222222222222,0.0,0.0,1497.1027371883392,0.0,0.6956521739130435,0.0,1.0,334.0
1,1.4306436776033766,0.6909090909090909,0.5277777777777778,1.0,0.5277777777777778,0.7214192301034927,0.40838797494291906,0.3858695652173913,0.8333333333333333,0.3971571906354515,389.0
2,1.2910017781635295,0.0,0.4722222222222222,0.0,0.0,0.6916264444589615,0.2751106894370652,0.4891304347826087,0.5357142857142857,0.5630434782608695,715.0
3,1.0436078581729276,0.0,0.4722222222222222,0.0,0.0,0.9193275794386864,0.4655582320904902,0.4293478260869566,0.8273809523809524,0.42267786561264825,780.0
4,1.1596172116471606,0.0,0.4722222222222222,0.0,0.0,0.7987028807401657,0.46581386725991847,0.30434782608695654,1.0,0.30434782608695654,1094.0
