,train_loss,f1_score_test_yolo,accuracy_test_yolo,precision_test_yolo,recall_test_yolo,test_loss,test_f1,test_acc,test_prec,test_recall,time_duration
0,0.5430846962235427,0.2631578947368421,0.48148148148148145,0.17543859649122806,0.5263157894736842,0.6403360087424517,0.8102897102897103,0.9021739130434783,0.7008928571428571,0.9821428571428572,321.0
1,0.5323160140602844,0.03278688524590164,0.4537037037037037,0.017543859649122806,0.25,0.8287405222654343,0.4341775599128541,0.625,0.6138392857142858,0.6616545893719807,370.0
2,0.4714969187601049,0.43478260869565216,0.5185185185185185,0.3508771929824561,0.5714285714285714,0.8781778756529093,0.6960804242054242,0.7282608695652174,0.9174107142857143,0.5996527777777777,681.0
3,0.31508814038972327,0.11764705882352941,0.4444444444444444,0.07017543859649122,0.36363636363636365,0.3214429633808322,0.8652389277389277,0.9347826086956521,0.7827380952380952,1.0,738.0
4,0.22535094210456838,0.46,0.5,0.40350877192982454,0.5348837209302325,0.2671847380406689,0.8568436465495289,0.9021739130434782,0.9122023809523809,0.8322691197691198,1041.0
