,train_loss,f1_score_test_yolo,accuracy_test_yolo,precision_test_yolo,recall_test_yolo,test_loss,test_f1,test_acc,test_prec,test_recall,time_duration
0,1.5268637922827824,0.6909090909090909,0.5277777777777778,1.0,0.5277777777777778,0.7315583037941351,0.11867816091954024,0.608695652173913,0.234375,0.8297101449275363,317.0
1,1.3362011269113316,0.0,0.4722222222222222,0.0,0.0,2.384031437337399,0.2395161290322581,0.5108695652173914,0.5,0.6576086956521741,378.0
2,1.4457971269879692,0.0,0.4722222222222222,0.0,0.0,0.6889342808205149,0.23908972932888395,0.5108695652173914,0.5,0.657608695652174,690.0
3,1.0006875744970132,0.0,0.4722222222222222,0.0,0.0,0.6210631711975387,0.0,0.6956521739130432,0.0,1.0,750.0
4,0.9819625619677274,0.0,0.4722222222222222,0.0,0.0,0.6584811359643937,0.0,0.6956521739130435,0.0,1.0,1059.0
