,train_loss,f1_score_test_yolo,accuracy_test_yolo,precision_test_yolo,recall_test_yolo,test_loss,test_f1,test_acc,test_prec,test_recall,time_duration
0,1.1912367903868741,0.6951219512195121,0.5370370370370371,1.0,0.5327102803738317,1.0642799404652221,0.4537918437390073,0.32608695652173914,0.9308035714285714,0.3009958195884969,279.0
1,1.1885615038756447,0.6951219512195121,0.5370370370370371,1.0,0.5327102803738317,1.1292855943674627,0.45595165093218487,0.32065217391304346,0.9464285714285714,0.30107816477953775,292.0
2,1.2130768465391104,0.6951219512195121,0.5370370370370371,1.0,0.5327102803738317,1.2229684918471004,0.4479535666409971,0.29891304347826086,0.9464285714285714,0.2943493863116289,555.0
3,1.2120207696612542,0.6951219512195121,0.5370370370370371,1.0,0.5327102803738317,1.3022086484276731,0.46121616611049315,0.30434782608695654,0.9821428571428572,0.30212450592885376,579.0
