,train_loss,f1_score_test_yolo,accuracy_test_yolo,precision_test_yolo,recall_test_yolo,test_loss,test_f1,test_acc,test_prec,test_recall,time_duration
0,0.6498032799261866,0.6909090909090909,0.5277777777777778,1.0,0.5277777777777778,0.6939225728574552,0.6780124368385239,0.6105263157894737,0.8907828282828281,0.5651875901875902,353.0
1,0.6426176989396799,0.6909090909090909,0.5277777777777778,1.0,0.5277777777777778,0.6235164284706116,0.724380402206489,0.6894736842105263,0.8918939393939394,0.6247015484515485,360.0
2,0.6216118224191493,0.6909090909090909,0.5277777777777778,1.0,0.5277777777777778,0.5902835428714753,0.7553725923199608,0.7421052631578948,0.8759848484848485,0.6884348984348984,703.0
3,0.6058489582518326,0.6909090909090909,0.5277777777777778,1.0,0.5277777777777778,0.7116572827100752,0.6314522897281517,0.4631578947368421,0.9999999999999999,0.4631578947368421,704.0
4,0.6103615825826472,0.6909090909090909,0.5277777777777778,1.0,0.5277777777777778,0.6854072555115349,0.6654239943520304,0.5421052631578948,0.9763888888888888,0.5078699151725468,1049.0
