,train_loss,f1_score_test_yolo,accuracy_test_yolo,precision_test_yolo,recall_test_yolo,test_loss,test_f1,test_acc,test_prec,test_recall,time_duration
0,0.9812093093144418,0.19444444444444445,0.46296296296296297,0.12280701754385964,0.4666666666666667,0.8442694619297981,0.36533008658008653,0.3913043478260869,0.5952380952380952,0.2668977130325815,270.0
1,0.9883446216294958,0.19444444444444445,0.46296296296296297,0.12280701754385964,0.4666666666666667,0.9000932648777962,0.36105519480519477,0.35869565217391297,0.6160714285714286,0.25890430733696984,288.0
2,0.9844145974004528,0.27586206896551724,0.4166666666666667,0.21052631578947367,0.4,0.7312882244586945,0.4052339901477833,0.27717391304347827,0.8430059523809523,0.2684923771880294,553.0
3,0.8383648639866923,0.27586206896551724,0.4166666666666667,0.21052631578947367,0.4,0.7470724806189537,0.3735907260045191,0.2391304347826087,0.7626488095238095,0.24806567225045487,571.0
4,0.8356335848533833,0.27586206896551724,0.4166666666666667,0.21052631578947367,0.4,0.7689541876316071,0.3880924998428747,0.27717391304347827,0.7656249999999999,0.2609654849822184,828.0
