,train_loss,f1_score_test_yolo,accuracy_test_yolo,precision_test_yolo,recall_test_yolo,test_loss,test_f1,test_acc,test_prec,test_recall,time_duration
0,1.5813464517322715,0.0,0.4722222222222222,0.0,0.0,5235404274308.016,0.0,0.6956521739130435,0.0,1.0,327.0
1,1.2106996768179008,0.6909090909090909,0.5277777777777778,1.0,0.5277777777777778,31612903087028.742,0.3096310715609937,0.44021739130434784,0.6272321428571428,0.4781785243741765,379.0
2,1.211324939993013,0.0,0.4722222222222222,0.0,0.0,124795.96520869013,0.27896772767462424,0.44565217391304346,0.6041666666666667,0.5566123188405797,654.0
3,1.1200894874846057,0.0,0.4722222222222222,0.0,0.0,1243.915056683609,0.0,0.6956521739130435,0.0,1.0,753.0
4,1.2174663296489647,0.0,0.4722222222222222,0.0,0.0,56.891500826763064,0.2891420361247948,0.4945652173913043,0.5625,0.5727171379345293,975.0
