,train_loss,f1_score_test_yolo,accuracy_test_yolo,precision_test_yolo,recall_test_yolo,test_loss,test_f1,test_acc,test_prec,test_recall,time_duration
0,0.800035959287595,0.0,0.4722222222222222,0.0,0.0,0.8151548122582228,0.04583333333333334,0.5706521739130435,0.025793650793650792,0.20833333333333331,168.0
1,0.8004260730930799,0.0,0.4722222222222222,0.0,0.0,0.8035791062790414,0.062037037037037036,0.5489130434782609,0.03769841269841269,0.20833333333333331,189.0
2,0.798468176802528,0.0,0.4722222222222222,0.0,0.0,0.803280401489009,0.062037037037037036,0.5434782608695652,0.03769841269841269,0.20833333333333331,358.0
3,0.7919784029348873,0.0,0.4722222222222222,0.0,0.0,0.8022081566893535,0.062037037037037036,0.5489130434782609,0.03769841269841269,0.20833333333333331,369.0
4,0.8014060305713022,0.0,0.4722222222222222,0.0,0.0,0.8015739529029182,0.062037037037037036,0.5489130434782609,0.03769841269841269,0.20833333333333331,540.0
