,train_loss,f1_score_test_yolo,accuracy_test_yolo,precision_test_yolo,recall_test_yolo,test_loss,test_f1,test_acc,test_prec,test_recall,time_duration
0,0.7641033887287269,0.6666666666666666,0.5185185185185185,0.9122807017543859,0.5252525252525253,0.9002164035387661,0.3915550558054306,0.33695652173913043,0.7276785714285716,0.2707219251336898,286.0
1,0.7552638576336692,0.6666666666666666,0.5185185185185185,0.9122807017543859,0.5252525252525253,0.8534865499190663,0.384763696448479,0.37499999999999994,0.6569940476190477,0.27480687366039536,287.0
2,0.7546379295917636,0.6666666666666666,0.5185185185185185,0.9122807017543859,0.5252525252525253,0.821463360734608,0.38644668737060045,0.4076086956521739,0.6212797619047619,0.283975930115636,560.0
3,0.7461286288918364,0.6666666666666666,0.5185185185185185,0.9122807017543859,0.5252525252525253,0.80381349409404,0.3858142763034067,0.42391304347826086,0.6034226190476191,0.2860475921137686,565.0
4,0.7532074113110989,0.6666666666666666,0.5185185185185185,0.9122807017543859,0.5252525252525253,0.7931282598039378,0.3879768797817997,0.43478260869565216,0.6063988095238094,0.2874836560498325,845.0
