,train_loss,f1_score_test_yolo,accuracy_test_yolo,precision_test_yolo,recall_test_yolo,test_loss,test_f1,test_acc,test_prec,test_recall,time_duration
0,0.6440183611579933,0.09230769230769231,0.4537037037037037,0.05263157894736842,0.375,0.7533166885537945,0.4442645074224022,0.7445652173913043,0.4166666666666667,0.9523809523809523,160.0
1,0.41810771178773987,0.5333333333333333,0.5462962962962963,0.49122807017543857,0.5833333333333334,0.6330949890872707,0.5599673202614379,0.7282608695652175,0.5853174603174603,0.8240740740740741,186.0
2,0.3858692394490686,0.08955223880597014,0.4351851851851852,0.05263157894736842,0.3,0.36510830834184005,0.7611183239566341,0.8043478260869565,0.7579365079365079,0.8265046296296297,341.0
3,0.30475065086888287,0.6993865030674846,0.5462962962962963,1.0,0.5377358490566038,0.4258560728200752,0.6919828256035153,0.7391304347826086,0.7956349206349207,0.7716880341880343,378.0
4,0.29522993391269353,0.0,0.4722222222222222,0.0,0.0,0.45972783620590746,0.8655364296256137,0.9021739130434783,0.7936507936507937,0.9714052287581699,529.0
