,train_loss,f1_score_test_yolo,accuracy_test_yolo,precision_test_yolo,recall_test_yolo,test_loss,test_f1,test_acc,test_prec,test_recall,time_duration
0,0.3818784252692018,0.345679012345679,0.5092592592592593,0.24561403508771928,0.5833333333333334,0.43360622972249985,0.7706043956043956,0.8695652173913043,0.7217261904761905,0.8380952380952381,640.0
1,0.2002084085870768,0.18666666666666668,0.4351851851851852,0.12280701754385964,0.3888888888888889,0.2915438115596771,0.8272477522477522,0.9130434782608695,0.7194940476190477,1.0,502.0
2,0.11970460723527676,0.21052631578947367,0.4444444444444444,0.14035087719298245,0.42105263157894735,0.23547394014894962,0.8422535797535797,0.9184782608695652,0.7581845238095238,0.9821428571428572,2288.0
3,0.0911904568840314,0.22535211267605634,0.49074074074074076,0.14035087719298245,0.5714285714285714,0.157038408331573,0.8905594405594406,0.9402173913043477,0.8095238095238096,1.0,1994.0
4,0.05699815785347911,0.2,0.48148148148148145,0.12280701754385964,0.5384615384615384,0.1374399969354272,0.8905594405594406,0.9402173913043477,0.8095238095238095,1.0,3879.0
