,train_loss,f1_score_test_yolo,accuracy_test_yolo,precision_test_yolo,recall_test_yolo,test_loss,test_f1,test_acc,test_prec,test_recall,time_duration
0,0.7396389437212494,0.125,0.48148148148148145,0.07017543859649122,0.5714285714285714,0.6458472386002541,0.2467074592074592,0.6630434782608694,0.19494047619047616,0.35416666666666663,1835.0
1,0.732831456542881,0.125,0.48148148148148145,0.07017543859649122,0.5714285714285714,0.6306363716721535,0.31602564102564096,0.6793478260869565,0.25223214285714285,0.44999999999999996,1972.0
2,0.7197058086377986,0.125,0.48148148148148145,0.07017543859649122,0.5714285714285714,0.6238203719258308,0.29545454545454547,0.6684782608695652,0.23437499999999997,0.4083333333333334,2946.0
3,0.7112354189877349,0.125,0.48148148148148145,0.07017543859649122,0.5714285714285714,0.6182920858263969,0.32814685314685316,0.6739130434782609,0.2700892857142857,0.4291666666666667,3093.0
4,0.7232253203368966,0.125,0.48148148148148145,0.07017543859649122,0.5714285714285714,0.6137356385588646,0.3531468531468532,0.6847826086956521,0.290922619047619,0.4604166666666667,4329.0
