,train_loss,f1_score_test_yolo,accuracy_test_yolo,precision_test_yolo,recall_test_yolo,test_loss,test_f1,test_acc,test_prec,test_recall,time_duration
0,0.1756713465205253,0.6776859504132231,0.6388888888888888,0.7192982456140351,0.640625,1.475703164935112,0.46977969348659004,0.6630434782608695,0.5223214285714286,0.7581521739130435,1399.0
1,0.22990170211393668,0.6909090909090909,0.5277777777777778,1.0,0.5277777777777778,15.861513685435057,0.5809553349875931,0.5434782608695652,0.9047619047619048,0.4874482401656315,1162.0
2,0.12141106295497342,0.6829268292682927,0.5185185185185185,0.9824561403508771,0.5233644859813084,5.600947491824627,0.6430500658761528,0.733695652173913,0.6651785714285714,0.7125114468864469,2022.0
3,0.09893873100143102,0.6909090909090909,0.5277777777777778,1.0,0.5277777777777778,4.1977264508605,0.35575639599555064,0.4130434782608695,0.75,0.48369565217391297,2013.0
4,0.13474406097917632,0.6909090909090909,0.5277777777777778,1.0,0.5277777777777778,3.2069187872111797,0.5171163888920461,0.576086956521739,0.7700892857142858,0.6084733201581027,3661.0
