,train_loss,f1_score_test_yolo,accuracy_test_yolo,precision_test_yolo,recall_test_yolo,test_loss,test_f1,test_acc,test_prec,test_recall,time_duration
0,0.02633479348010415,0.4842105263157895,0.5462962962962963,0.40350877192982454,0.6052631578947368,0.2623884294020093,0.8740967365967366,0.9347826086956522,0.7938988095238095,1.0,1293.0
1,0.028585494483807563,0.37037037037037035,0.5277777777777778,0.2631578947368421,0.625,0.1275285301918579,0.9307692307692308,0.9619565217391304,0.9017857142857143,0.984375,949.0
2,0.02439664021227847,0.09230769230769231,0.4537037037037037,0.05263157894736842,0.375,0.2963277856076235,0.8492481203007519,0.9130434782608695,0.8102678571428572,0.9479166666666667,2457.0
3,0.04908474879843287,0.0625,0.4444444444444444,0.03508771929824561,0.2857142857142857,0.38376611158681656,0.8484848484848484,0.9293478260869565,0.7641369047619048,1.0,2326.0
4,0.013395599192218121,0.2857142857142857,0.49074074074074076,0.19298245614035087,0.55,0.06936934375728414,0.962912087912088,0.9782608695652173,0.9330357142857144,1.0,3878.0
