,train_loss,f1_score_test_yolo,accuracy_test_yolo,precision_test_yolo,recall_test_yolo,test_loss,test_f1,test_acc,test_prec,test_recall,time_duration
0,0.4168563219955412,0.509090909090909,0.5,0.49122807017543857,0.5283018867924528,0.4791399263169455,0.7213649933657674,0.7934782608695651,0.8504464285714286,0.6354166666666666,1223.0
1,0.20954741525873183,0.5050505050505051,0.5462962962962963,0.43859649122807015,0.5952380952380952,0.27508245278959687,0.8518466827290357,0.9130434782608696,0.7938988095238094,0.9404761904761905,944.0
2,0.11541542614007226,0.5102040816326531,0.5555555555555556,0.43859649122807015,0.6097560975609756,0.19608788119386075,0.8844988344988345,0.9347826086956522,0.8325892857142857,0.9665178571428572,2073.0
3,0.07159461660292629,0.5050505050505051,0.5462962962962963,0.43859649122807015,0.5952380952380952,0.13637382772994106,0.9020146520146519,0.9456521739130435,0.8325892857142857,1.0,2023.0
4,0.057546174342878065,0.5161290322580645,0.5833333333333334,0.42105263157894735,0.6666666666666666,0.10479131682128037,0.9225274725274726,0.9565217391304347,0.8638392857142857,1.0,2744.0
