,train_loss,f1_score_test_yolo,accuracy_test_yolo,precision_test_yolo,recall_test_yolo,test_loss,test_f1,test_acc,test_prec,test_recall,time_duration
0,0.6957518290232226,0.5984251968503937,0.5277777777777778,0.6666666666666666,0.5428571428571428,0.7159840101781099,0.2900658509017642,0.5108695652173914,0.34523809523809523,0.25163239538239535,804.0
1,0.7077230183398666,0.6031746031746031,0.5370370370370371,0.6666666666666666,0.5507246376811594,0.69111515549214,0.3642430217701116,0.5434782608695652,0.4375,0.31439393939393945,698.0
2,0.7165050589476127,0.592,0.5277777777777778,0.6491228070175439,0.5441176470588235,0.6788245582062266,0.35670625706422915,0.5434782608695652,0.41964285714285715,0.312594696969697,1565.0
3,0.6866750419139862,0.592,0.5277777777777778,0.6491228070175439,0.5441176470588235,0.6715438764380373,0.3601632167711889,0.5543478260869565,0.41964285714285715,0.3176046176046176,2442.0
4,0.6937273507532866,0.5853658536585366,0.5277777777777778,0.631578947368421,0.5454545454545454,0.6609537773158238,0.3965699505173189,0.5706521739130435,0.4709821428571428,0.3453508297258297,3491.0
