model_name,global_epoch,models_percentage,MIN_NUM_WORKERS,local_epoch,batch_size,learning_rate,best_epoch,best_f1,best_acc,best_prec,best_recall,best_loss,best_f1_test,best_acc_test,best_recall_test,best_precision_test,best_round_test,total_duration,dataframe_path,model_path
RexNet,5,0.5,4,1,16,1e-07,1,0.5293733522116981,0.5434782608695652,0.6428571428571428,0.4555783163705365,0.7559552412966024,0.5826771653543307,0.5092592592592593,0.5285714285714286,0.6491228070175439,0,1485,C:\Users\matti\Documents\GitHub\FLProject\csv\0503\03051240_federated_metrics.csv,
RexNet,5,0.5,4,1,32,1e-07,0,0.4816642300194931,0.5108695652173912,0.5853174603174603,0.4151515151515151,0.8354610891445824,0.7012987012987013,0.5740740740740741,0.5567010309278351,0.9473684210526316,0,1496,C:\Users\matti\Documents\GitHub\FLProject\csv\0503\03051254_federated_metrics.csv,
RexNet,5,0.5,4,1,16,1e-09,3,0.3696851405910639,0.4619565217391305,0.4404761904761904,0.3282694815580325,0.8467805644740228,0.582089552238806,0.4814814814814814,0.5064935064935064,0.6842105263157895,0,1475,C:\Users\matti\Documents\GitHub\FLProject\csv\0503\03051308_federated_metrics.csv,
RexNet,5,0.5,4,1,32,1e-09,0,0.4556863301191152,0.4510869565217391,0.5793650793650794,0.3917857142857143,0.9102843857329824,0.38,0.4259259259259259,0.4418604651162791,0.3333333333333333,0,1437,C:\Users\matti\Documents\GitHub\FLProject\csv\0503\03051321_federated_metrics.csv,
ResNext50,5,0.5,4,1,32,1e-07,4,0.5716108452950558,0.4782608695652174,0.8551587301587302,0.4314795564795565,0.7241807288449744,0.5909090909090909,0.5,0.52,0.6842105263157895,0,1992,C:\Users\matti\Documents\GitHub\FLProject\csv\1804\04181733_federated_metrics.csv,
ResNext50,5,0.5,4,5,32,1e-07,4,0.5769678206210713,0.5,0.8432539682539683,0.4404436316201022,0.7268842426331148,0.5972222222222222,0.4629629629629629,0.4942528735632184,0.7543859649122807,3,2913,C:\Users\matti\Documents\GitHub\FLProject\csv\1804\04181837_federated_metrics.csv,
RexNet,5,0.5,4,5,32,1e-07,1,0.4927344093104962,0.4945652173913043,0.6031746031746031,0.41890313390313394,0.7619891684988271,0.5357142857142857,0.5185185185185185,0.5454545454545454,0.5263157894736842,0,519,C:\Users\matti\Documents\GitHub\FLProject\csv\2104\04210931_federated_metrics.csv,
