,train_loss,f1_score_test_yolo,accuracy_test_yolo,precision_test_yolo,recall_test_yolo,test_loss,test_f1,test_acc,test_prec,test_recall,time_duration
0,1.6327282770493996,0.6790123456790124,0.5185185185185185,0.9649122807017544,0.5238095238095238,1.4289161472216896,0.5785914179104478,0.4076086956521739,1.0,0.4076086956521739,142.0
1,1.5808495458985758,0.6832298136645962,0.5277777777777778,0.9649122807017544,0.5288461538461539,1.423366604939751,0.5785914179104478,0.4076086956521739,1.0,0.4076086956521739,142.0
2,1.5375244912962815,0.6832298136645962,0.5277777777777778,0.9649122807017544,0.5288461538461539,1.4087456859972167,0.5785914179104478,0.4076086956521739,1.0,0.4076086956521739,275.0
3,1.496088038044368,0.6832298136645962,0.5277777777777778,0.9649122807017544,0.5288461538461539,1.3678115360114886,0.5785914179104478,0.4076086956521739,1.0,0.4076086956521739,274.0
4,1.4494075488294627,0.6832298136645962,0.5277777777777778,0.9649122807017544,0.5288461538461539,1.3717631846666336,0.5785914179104478,0.4076086956521739,1.0,0.4076086956521739,414.0
