,train_loss,f1_score_test_yolo,accuracy_test_yolo,precision_test_yolo,recall_test_yolo,test_loss,test_f1,test_acc,test_prec,test_recall,time_duration
0,1.4220258458782136,0.0,0.4722222222222222,0.0,0.0,0.7639748564232951,0.140625,0.5380434782608696,0.25,0.8478260869565217,159.0
1,1.2161028706969776,0.0,0.4722222222222222,0.0,0.0,0.6771187782287598,0.0,0.5923913043478262,0.0,1.0,188.0
2,0.9539912511676802,0.0,0.4722222222222222,0.0,0.0,0.6851931130108626,0.0,0.5923913043478262,0.0,1.0,343.0
3,0.8134947801515586,0.0,0.4722222222222222,0.0,0.0,0.6773800765690596,0.0,0.5923913043478262,0.0,1.0,384.0
4,0.8018447233154523,0.0,0.4722222222222222,0.0,0.0,0.6758279742106147,0.0,0.5923913043478262,0.0,1.0,535.0
