,train_loss,f1_score_test_yolo,accuracy_test_yolo,precision_test_yolo,recall_test_yolo,test_loss,test_f1,test_acc,test_prec,test_recall,time_duration
0,0.8412445806706499,0.5333333333333333,0.48148148148148145,0.5614035087719298,0.5079365079365079,0.8539961783782295,0.4249865853953813,0.34239130434782605,0.5992063492063493,0.32952196016712143,137.0
1,0.8299520242026812,0.5333333333333333,0.48148148148148145,0.5614035087719298,0.5079365079365079,0.8512815794219142,0.4408631309375466,0.3695652173913043,0.6130952380952381,0.3449676734576623,143.0
2,0.8596003792161953,0.5333333333333333,0.48148148148148145,0.5614035087719298,0.5079365079365079,0.8414674414240795,0.45959648634867656,0.3913043478260869,0.6388888888888888,0.3598180076628352,270.0
3,0.8441682333237027,0.5333333333333333,0.48148148148148145,0.5614035087719298,0.5079365079365079,0.8398761969545613,0.4708605664488017,0.3913043478260869,0.6666666666666666,0.36452020202020197,283.0
4,0.84258041832118,0.5333333333333333,0.48148148148148145,0.5614035087719298,0.5079365079365079,0.8387666079013244,0.4708605664488017,0.3913043478260869,0.6666666666666666,0.364520202020202,413.0
