,train_loss,f1_score_test_yolo,accuracy_test_yolo,precision_test_yolo,recall_test_yolo,test_loss,test_f1,test_acc,test_prec,test_recall,time_duration
0,0.2769666672616765,0.379746835443038,0.5462962962962963,0.2631578947368421,0.6818181818181818,0.12538381329859083,0.9573478171756508,0.9673913043478262,0.9325396825396826,0.984375,136.0
1,0.12126903222173344,0.12307692307692308,0.4722222222222222,0.07017543859649122,0.5,0.11274309609206798,0.9649933657673595,0.9728260869565217,0.9583333333333334,0.975,137.0
2,0.07558649829329503,0.0,0.4444444444444444,0.0,0.0,0.0825869155663025,0.9555921052631579,0.967391304347826,0.9444444444444444,0.975,268.0
3,0.08228390398683047,0.0,0.4722222222222222,0.0,0.0,0.18044895593218668,0.91875,0.9402173913043478,0.861111111111111,1.0,270.0
4,0.021166207781582375,0.0,0.4537037037037037,0.0,0.0,0.007795864593429977,1.0,1.0,1.0,1.0,403.0
