,train_loss,f1_score_test_yolo,accuracy_test_yolo,precision_test_yolo,recall_test_yolo,test_loss,test_f1,test_acc,test_prec,test_recall,time_duration
0,1.432391977511986,0.6909090909090909,0.5277777777777778,1.0,0.5277777777777778,68971018538844.82,0.43796641791044777,0.46195652173913043,0.75,0.5597826086956521,143.0
1,1.0303431144648625,0.0,0.4722222222222222,0.0,0.0,30985468.045856312,0.0625,0.5923913043478262,0.041666666666666664,0.875,135.0
2,0.9866290249588123,0.6951219512195121,0.5370370370370371,1.0,0.5327102803738317,576923.01918772,0.38839285714285715,0.42391304347826086,0.6428571428571428,0.5313664596273292,281.0
3,0.8675755634994,0.6909090909090909,0.5277777777777778,1.0,0.5277777777777778,10494975.305112833,0.5906884707287933,0.45652173913043476,0.9603174603174602,0.4287145045363497,268.0
4,1.0291618268752183,0.0,0.4722222222222222,0.0,0.0,58820955.912977085,0.07407407407407407,0.5869565217391305,0.05555555555555555,0.8611111111111112,425.0
