,train_loss,f1_score_test_yolo,accuracy_test_yolo,precision_test_yolo,recall_test_yolo,test_loss,test_f1,test_acc,test_prec,test_recall,time_duration
0,0.888114831585815,0.7,0.5555555555555556,0.9824561403508771,0.5436893203883495,0.8379066826208779,0.5186754551161331,0.3967391304347826,0.7996031746031746,0.3850467123092284,157.0
1,0.8949585611693525,0.7,0.5555555555555556,0.9824561403508771,0.5436893203883495,0.8413042315970297,0.5375382216552255,0.41304347826086957,0.8392857142857143,0.39716889692820373,154.0
2,0.8952933386995252,0.7,0.5555555555555556,0.9824561403508771,0.5436893203883495,0.8575618441986002,0.5542646254784035,0.41304347826086957,0.8948412698412699,0.403482028241335,329.0
3,0.880783380881926,0.7,0.5555555555555556,0.9824561403508771,0.5436893203883495,0.8819510800682979,0.560263155536036,0.41847826086956524,0.9087301587301588,0.407004562145321,327.0
