,train_loss,f1_score_test_yolo,accuracy_test_yolo,precision_test_yolo,recall_test_yolo,test_loss,test_f1,test_acc,test_prec,test_recall,time_duration
0,0.4946291719843715,0.4782608695652174,0.5555555555555556,0.38596491228070173,0.6285714285714286,3.2238697855044967,0.8505230679591079,0.8967391304347826,0.7480158730158731,1.0,148.0
1,0.37319931532222483,0.0,0.4722222222222222,0.0,0.0,131.90220063892394,0.48532920272050706,0.7554347826086956,0.45436507936507936,0.9570175438596492,140.0
2,0.30934824080141055,0.0,0.4722222222222222,0.0,0.0,573.3268384219997,0.4507936507936508,0.75,0.4444444444444444,0.957516339869281,290.0
3,0.23164409627865418,0.6422018348623854,0.6388888888888888,0.6140350877192983,0.6730769230769231,11.219927472386347,0.7578280542986426,0.7880434782608696,0.8412698412698413,0.7290365884115884,284.0
4,0.20527343819106836,0.225,0.42592592592592593,0.15789473684210525,0.391304347826087,1.5158715016492033,0.8393195301731886,0.8315217391304348,0.9722222222222223,0.7583493104088069,428.0
