,train_loss,f1_score_test_yolo,accuracy_test_yolo,precision_test_yolo,recall_test_yolo,test_loss,test_f1,test_acc,test_prec,test_recall,time_duration
0,0.8561224456709846,0.4954128440366973,0.49074074074074076,0.47368421052631576,0.5192307692307693,0.8984829148520593,0.5490734399433849,0.4456521739130434,0.8392857142857144,0.4101190476190476,141.0
1,0.8494473125686368,0.4954128440366973,0.49074074074074076,0.47368421052631576,0.5192307692307693,0.8493911449028099,0.5324067732767181,0.43478260869565216,0.7976190476190476,0.4010338345864662,135.0
2,0.8465537516064627,0.4954128440366973,0.49074074074074076,0.47368421052631576,0.5192307692307693,0.8369537306868512,0.5587568058076225,0.4510869565217391,0.8531746031746031,0.41710526315789476,281.0
3,0.8623405615680884,0.4954128440366973,0.49074074074074076,0.47368421052631576,0.5192307692307693,0.8291338604429495,0.553049032944934,0.4565217391304348,0.8273809523809523,0.41785714285714287,270.0
4,0.8601108120603458,0.4954128440366973,0.49074074074074076,0.47368421052631576,0.5192307692307693,0.8305842260951581,0.553049032944934,0.45652173913043476,0.8273809523809523,0.4178571428571428,412.0
