,train_loss,f1_score_test_yolo,accuracy_test_yolo,precision_test_yolo,recall_test_yolo,test_loss,test_f1,test_acc,test_prec,test_recall,time_duration
0,0.8652294544816161,0.6141732283464567,0.5462962962962963,0.6842105263157895,0.5571428571428572,0.8174618443717128,0.20075757575757575,0.4347826086956521,0.17261904761904762,0.24285714285714285,133.0
1,0.8649143069946492,0.6141732283464567,0.5462962962962963,0.6842105263157895,0.5571428571428572,0.8141597574171813,0.21496212121212122,0.44021739130434784,0.1865079365079365,0.2571428571428571,136.0
2,0.8688926549569747,0.6141732283464567,0.5462962962962963,0.6842105263157895,0.5571428571428572,0.8168457895517349,0.24891774891774893,0.44565217391304346,0.22817460317460317,0.2803921568627451,269.0
3,0.8584857642146091,0.6299212598425197,0.5648148148148148,0.7017543859649122,0.5714285714285714,0.8132786329673684,0.26312706900942195,0.45652173913043476,0.24206349206349206,0.2947303921568627,266.0
4,0.8457963165741611,0.625,0.5555555555555556,0.7017543859649122,0.5633802816901409,0.8258177268764247,0.28360208948444243,0.45652173913043476,0.2658730158730158,0.3051470588235294,403.0
