,train_loss,f1_score_test_yolo,accuracy_test_yolo,precision_test_yolo,recall_test_yolo,test_loss,test_f1,test_acc,test_prec,test_recall,time_duration
0,0.8700460551583639,0.03389830508474576,0.4722222222222222,0.017543859649122806,0.5,0.8864418754111165,0.0,0.5923913043478262,0.0,1.0,138.0
1,0.8855133370159616,0.03389830508474576,0.4722222222222222,0.017543859649122806,0.5,0.8401790889708892,0.0,0.5869565217391305,0.0,0.75,135.0
2,0.8698448848695536,0.03389830508474576,0.4722222222222222,0.017543859649122806,0.5,0.8399926048258076,0.0,0.5869565217391305,0.0,0.75,277.0
3,0.8795990025363682,0.03389830508474576,0.4722222222222222,0.017543859649122806,0.5,0.8412513525589653,0.0,0.5815217391304348,0.0,0.5,277.0
4,0.8755168395146207,0.03389830508474576,0.4722222222222222,0.017543859649122806,0.5,0.8402430143045343,0.0,0.5815217391304348,0.0,0.5,417.0
