,train_loss,f1_score_test_yolo,accuracy_test_yolo,precision_test_yolo,recall_test_yolo,test_loss,test_f1,test_acc,test_prec,test_recall,time_duration
0,0.9219482285739149,0.6618705035971223,0.5648148148148148,0.8070175438596491,0.5609756097560976,0.7970025630373705,0.49428661879193575,0.4368421052631578,0.6408080808080807,0.42212663067926226,312.0
1,0.9005968399789469,0.6618705035971223,0.5648148148148148,0.8070175438596491,0.5609756097560976,0.8289437268909655,0.5113618691623807,0.43157894736842106,0.6866414141414141,0.41905982905982897,296.0
2,0.9015408058478994,0.6618705035971223,0.5648148148148148,0.8070175438596491,0.5609756097560976,0.8557665087674794,0.5003406874455467,0.3999999999999999,0.6952525252525252,0.4017703619909502,605.0
3,0.9014930194074458,0.6618705035971223,0.5648148148148148,0.8070175438596491,0.5609756097560976,0.8702931656649237,0.5193883064931659,0.41578947368421043,0.7327525252525253,0.4136519607843137,588.0
