{"0": {"round": 0, "train_loss": 0.7132329904671871, "avg_f1": 0.0, "avg_acc": 0.5263157894736842, "train_size": 165, "compute_power": 1.0, "bandwidth": 5.0, "reliability": 1.0, "training_time": 1.2278554439544678, "client_name": "client_1"}, "1": {"round": 1, "train_loss": 0.6731478315411192, "avg_f1": 0.0, "avg_acc": 0.5263157894736842, "train_size": 165, "compute_power": 1.0, "bandwidth": 5.0, "reliability": 1.0, "training_time": 36.7755331993103, "client_name": "client_1"}}