{"0": {"round": 0, "train_loss": 0.6735147219715696, "avg_f1": 0.4, "avg_acc": 0.6842105263157895, "train_size": 165, "compute_power": 1.0, "bandwidth": 5.0, "reliability": 1.0, "training_time": 8.731977701187134, "client_name": "client_0"}, "1": {"round": 1, "train_loss": 0.6391978841839414, "avg_f1": 0.36363636363636365, "avg_acc": 0.631578947368421, "train_size": 165, "compute_power": 1.0, "bandwidth": 5.0, "reliability": 1.0, "training_time": 0.9039707183837891, "client_name": "client_0"}}