{"0": {"round": 0, "train_loss": 0.7837756471200423, "avg_f1": 0.45454545454545453, "avg_acc": 0.3684210526315789, "train_size": 165, "compute_power": 1.0, "bandwidth": 5.0, "reliability": 1.0, "training_time": 0.8535418510437012, "client_name": "client_3"}, "1": {"round": 1, "train_loss": 0.7349791299213063, "avg_f1": 0.5217391304347826, "avg_acc": 0.42105263157894735, "train_size": 165, "compute_power": 1.0, "bandwidth": 5.0, "reliability": 1.0, "training_time": 0.8273427486419678, "client_name": "client_3"}}