{"0": {"round": 0, "train_loss": 0.6985038598378499, "avg_f1": 0.16666666666666666, "avg_acc": 0.47368421052631576, "train_size": 165, "compute_power": 1.0, "bandwidth": 5.0, "reliability": 1.0, "training_time": 0.7318813800811768, "client_name": "client_2"}, "1": {"round": 1, "train_loss": 0.6401131116982662, "avg_f1": 0.3076923076923077, "avg_acc": 0.5263157894736842, "train_size": 165, "compute_power": 1.0, "bandwidth": 5.0, "reliability": 1.0, "training_time": 0.7751264572143555, "client_name": "client_2"}}