{"0": {"round": 0, "train_loss": 0.7760035662940055, "avg_f1": 0.7058823529411765, "avg_acc": 0.7368421052631579, "train_size": 165, "compute_power": 1.0, "bandwidth": 5.0, "reliability": 1.0, "training_time": 0.8346178531646729, "client_name": "client_1"}, "1": {"round": 1, "train_loss": 0.7626666365247784, "avg_f1": 0.631578947368421, "avg_acc": 0.631578947368421, "train_size": 165, "compute_power": 1.0, "bandwidth": 5.0, "reliability": 1.0, "training_time": 0.7283265590667725, "client_name": "client_1"}}