{"0": {"round": 0, "train_loss": 0.7777020273786602, "avg_f1": 0.38095238095238093, "avg_acc": 0.3157894736842105, "train_size": 165, "compute_power": 1.0, "bandwidth": 5.0, "reliability": 1.0, "training_time": 9.75720500946045, "client_name": "client_2"}, "1": {"round": 1, "train_loss": 0.7543577429020043, "avg_f1": 0.38095238095238093, "avg_acc": 0.3157894736842105, "train_size": 165, "compute_power": 1.0, "bandwidth": 5.0, "reliability": 1.0, "training_time": 0.6481285095214844, "client_name": "client_2"}}