{"0": {"round": 0, "train_loss": 0.7274329127687397, "avg_f1": 0.0, "avg_acc": 0.5263157894736842, "train_size": 165, "compute_power": 1.0, "bandwidth": 5.0, "reliability": 1.0, "training_time": 0.7569994926452637, "client_name": "client_3"}, "1": {"round": 1, "train_loss": 0.6841947728937322, "avg_f1": 0.2, "avg_acc": 0.5789473684210527, "train_size": 165, "compute_power": 1.0, "bandwidth": 5.0, "reliability": 1.0, "training_time": 0.9054653644561768, "client_name": "client_3"}}