{"0": {"round": 0, "train_loss": 0.7389726602669918, "avg_f1": 0.375, "avg_acc": 0.47368421052631576, "train_size": 165, "compute_power": 1.0, "bandwidth": 5.0, "reliability": 1.0, "training_time": 0.873746395111084, "client_name": "client_0"}, "1": {"round": 1, "train_loss": 0.7121920097957958, "avg_f1": 0.4, "avg_acc": 0.5263157894736842, "train_size": 165, "compute_power": 1.0, "bandwidth": 5.0, "reliability": 1.0, "training_time": 38.38937330245972, "client_name": "client_0"}}