{"0": {"test_loss": 0.7208056065597033, "test_f1": 0.47909504710975304, "test_acc": 0.4736842105263157, "test_prec": 0.5104166666666667, "test_recall": 0.46073717948717946}}