,train_loss,f1_score_test_yolo,accuracy_test_yolo,precision_test_yolo,recall_test_yolo,test_loss,test_f1,test_acc,test_prec,test_recall,time_duration
0,0.8220476713549557,0.5357142857142857,0.5185185185185185,0.5263157894736842,0.5454545454545454,0.7679187234329141,0.4761072261072261,0.4945652173913043,0.5714285714285714,0.4107549857549857,67.0
1,0.771168533442677,0.5357142857142857,0.5185185185185185,0.5263157894736842,0.5454545454545454,0.7619891684988271,0.4927344093104962,0.4945652173913043,0.6031746031746031,0.41890313390313394,53.0
2,0.754030680598844,0.5357142857142857,0.5185185185185185,0.5263157894736842,0.5454545454545454,0.7622369670349618,0.481604609929078,0.48369565217391297,0.5892857142857143,0.40897435897435896,120.0
3,0.8227002324475632,0.5357142857142857,0.5185185185185185,0.5263157894736842,0.5454545454545454,0.7588834127654199,0.481810115350488,0.4836956521739131,0.5892857142857142,0.41024813895781637,107.0
4,0.7830595094462836,0.5357142857142857,0.5185185185185185,0.5263157894736842,0.5454545454545454,0.7751462582660757,0.4447557063448595,0.47282608695652173,0.5198412698412699,0.39280905630134244,172.0
