,train_loss,f1_score_test_yolo,accuracy_test_yolo,precision_test_yolo,recall_test_yolo,test_loss,test_f1,test_acc,test_prec,test_recall,time_duration
0,1.0540585711526411,0.6909090909090909,0.5277777777777778,1.0,0.5277777777777778,1.103994513983312,0.4667580380316755,0.3206521739130435,0.9821428571428572,0.30671230942970074,3012.0
1,1.0600348337221952,0.6909090909090909,0.5277777777777778,1.0,0.5277777777777778,1.1798446541247158,0.4628992531384078,0.30978260869565216,0.9821428571428572,0.30350084697910784,1395.0
2,1.0497903103989679,0.6909090909090909,0.5277777777777778,1.0,0.5277777777777778,1.2123323542916256,0.46766115790031254,0.30978260869565216,1.0,0.3058300395256917,4674.0
3,1.0446040084745458,0.6909090909090909,0.5277777777777778,1.0,0.5277777777777778,1.2145062940924065,0.46766115790031254,0.3097826086956522,1.0,0.30583003952569165,2489.0
