,train_loss,f1_score_test_yolo,accuracy_test_yolo,precision_test_yolo,recall_test_yolo,test_loss,test_f1,test_acc,test_prec,test_recall,time_duration
0,0.6907029839606897,0.608,0.5462962962962963,0.6666666666666666,0.5588235294117647,0.5717625468969345,0.42822455322455316,0.7282608695652174,0.3474702380952381,0.6443452380952381,1445.0
1,0.6898283977871357,0.608,0.5462962962962963,0.6666666666666666,0.5588235294117647,0.5623297616839409,0.35555555555555557,0.7228260869565217,0.26785714285714285,0.5791666666666666,1359.0
2,0.6763930473535209,0.608,0.5462962962962963,0.6666666666666666,0.5588235294117647,0.5604476854205132,0.3361111111111111,0.7228260869565217,0.25223214285714285,0.6,3393.0
3,0.6996173904769509,0.608,0.5462962962962963,0.6666666666666666,0.5588235294117647,0.5582433193922043,0.3361111111111111,0.7228260869565217,0.25223214285714285,0.6,3297.0
4,0.7033449048863357,0.608,0.5462962962962963,0.6666666666666666,0.5588235294117647,0.563138410449028,0.320959595959596,0.7173913043478262,0.234375,0.59375,5119.0
