,train_loss,f1_score_test_yolo,accuracy_test_yolo,precision_test_yolo,recall_test_yolo,test_loss,test_f1,test_acc,test_prec,test_recall,time_duration
0,0.058393046815069946,0.3076923076923077,0.5,0.21052631578947367,0.5714285714285714,0.2629883690615711,0.8327505827505827,0.9130434782608695,0.7269345238095238,1.0,277.0
1,0.04187675356524833,0.03278688524590164,0.4537037037037037,0.017543859649122806,0.25,0.21664544494579666,0.814514652014652,0.9076086956521738,0.7135416666666666,0.984375,278.0
2,0.05031548670865821,0.03278688524590164,0.4537037037037037,0.017543859649122806,0.25,0.2738057084614846,0.8253205128205129,0.9184782608695652,0.7380952380952381,1.0,554.0
3,0.05254355430902945,0.03278688524590164,0.4537037037037037,0.017543859649122806,0.25,0.21055906668457086,0.8956043956043958,0.9402173913043477,0.8526785714285716,0.96875,561.0
4,0.02439295626085157,0.0,0.4537037037037037,0.0,0.0,0.26376061121639116,0.9016941391941393,0.9456521739130435,0.8683035714285714,0.96875,834.0
