,train_loss,f1_score_test_yolo,accuracy_test_yolo,precision_test_yolo,recall_test_yolo,test_loss,test_f1,test_acc,test_prec,test_recall,time_duration
0,0.6921820703343675,0.21875,0.5370370370370371,0.12280701754385964,1.0,0.698437051280685,0.20700040700040698,0.5543478260869565,0.1488095238095238,0.38541666666666663,139.0
1,0.6833283942966646,0.19047619047619047,0.5277777777777778,0.10526315789473684,1.0,0.674803900329963,0.3130059039958929,0.5652173913043479,0.2400793650793651,0.45738636363636365,137.0
2,0.6763235246976601,0.19047619047619047,0.5277777777777778,0.10526315789473684,1.0,0.6710688581933146,0.3275663435563324,0.5760869565217391,0.25396825396825395,0.4636363636363637,277.0
3,0.6634063768271524,0.19047619047619047,0.5277777777777778,0.10526315789473684,1.0,0.6641998478899831,0.34542348641347526,0.5869565217391304,0.26785714285714285,0.48863636363636365,274.0
4,0.6628393263056658,0.19047619047619047,0.5277777777777778,0.10526315789473684,1.0,0.6583154266295226,0.39753526043848625,0.6086956521739131,0.3194444444444444,0.530448717948718,413.0
