,train_loss,f1_score_test_yolo,accuracy_test_yolo,precision_test_yolo,recall_test_yolo,test_loss,test_f1,test_acc,test_prec,test_recall,time_duration
0,0.7124092879073363,0.6708860759493671,0.5185185185185185,0.9298245614035088,0.5247524752475248,0.730357649533645,0.5718534002229655,0.5434782608695652,0.7460317460317459,0.4644489247311828,163.0
1,0.7029810207642551,0.6708860759493671,0.5185185185185185,0.9298245614035088,0.5247524752475248,0.7182954770067465,0.5994024768283528,0.5815217391304348,0.7599206349206349,0.49563459240878593,184.0
2,0.6991676242420722,0.6708860759493671,0.5185185185185185,0.9298245614035088,0.5247524752475248,0.714676242807637,0.5879230447000505,0.5652173913043479,0.7599206349206349,0.4796182266009852,346.0
3,0.6906769711348569,0.6708860759493671,0.5185185185185185,0.9298245614035088,0.5247524752475248,0.7106464718994887,0.5937728535907562,0.5815217391304348,0.746031746031746,0.4938888888888889,370.0
4,0.6826559077078946,0.6708860759493671,0.5185185185185185,0.9298245614035088,0.5247524752475248,0.7013318577538366,0.5862842830927937,0.5760869565217391,0.7341269841269842,0.4883049066864417,529.0
