,train_loss,f1_score_test_yolo,accuracy_test_yolo,precision_test_yolo,recall_test_yolo,test_loss,test_f1,test_acc,test_prec,test_recall,time_duration
0,0.80792278390121,0.6829268292682927,0.5185185185185185,0.9824561403508771,0.5233644859813084,0.9194536144318788,0.560357715769831,0.4347826086956522,0.8908730158730158,0.4097902097902098,137.0
1,0.7273534138756861,0.691358024691358,0.5370370370370371,0.9824561403508771,0.5333333333333333,0.806728351375331,0.6010648148148149,0.5217391304347826,0.8908730158730159,0.453952680878553,142.0
2,0.6785822438645969,0.7,0.5555555555555556,0.9824561403508771,0.5436893203883495,0.6983615619980771,0.6176945395030501,0.5760869565217391,0.8511904761904762,0.4858012170385395,277.0
3,0.6158611886878976,0.7006369426751592,0.5648148148148148,0.9649122807017544,0.55,0.6372811535130376,0.6661664565784295,0.657608695652174,0.8511904761904762,0.5505173042537173,280.0
4,0.5668119654113465,0.6967741935483871,0.5648148148148148,0.9473684210526315,0.5510204081632653,0.5890132694140724,0.6608985375526729,0.657608695652174,0.8373015873015873,0.5528225806451612,413.0
