,train_loss,f1_score_test_yolo,accuracy_test_yolo,precision_test_yolo,recall_test_yolo,test_loss,test_f1,test_acc,test_prec,test_recall,time_duration
0,0.9097707317342494,0.0,0.4722222222222222,0.0,0.0,0.7256738718437112,0.140625,0.5380434782608696,0.25,0.8478260869565217,164.0
1,0.8642807100170902,0.6909090909090909,0.5277777777777778,1.0,0.5277777777777778,0.7424037521300109,0.43796641791044777,0.46195652173913043,0.75,0.5597826086956521,184.0
2,0.7154178223341812,0.0,0.4722222222222222,0.0,0.0,0.6938307907270349,0.28348214285714285,0.4891304347826087,0.5,0.6978260869565217,348.0
3,0.7594474396581661,0.0,0.4722222222222222,0.0,0.0,0.6806554619384849,0.15517241379310345,0.5869565217391305,0.2142857142857143,0.8716216216216216,371.0
4,0.6174716423327574,0.0,0.4722222222222222,0.0,0.0,0.6569037113500679,0.14754098360655737,0.5543478260869565,0.25,0.8546511627906976,532.0
