,train_loss,f1_score_test_yolo,accuracy_test_yolo,precision_test_yolo,recall_test_yolo,test_loss,test_f1,test_acc,test_prec,test_recall,time_duration
0,0.3221008525666408,0.43010752688172044,0.5092592592592593,0.3508771929824561,0.5555555555555556,0.34253830041574396,0.8697548161550192,0.9021739130434783,0.8373015873015873,0.9135586635586636,138.0
1,0.18152243777496185,0.37209302325581395,0.5,0.2807017543859649,0.5517241379310345,0.17483180251134478,0.9386904761904762,0.9510869565217392,0.9206349206349207,0.9583333333333334,136.0
2,0.11060828923674565,0.3076923076923077,0.5,0.21052631578947367,0.5714285714285714,0.10225687682142724,0.9705882352941175,0.9782608695652173,0.9444444444444444,1.0,277.0
3,0.0697469330981752,0.25,0.5,0.15789473684210525,0.6,0.0669270187170933,0.9705882352941175,0.9782608695652173,0.9444444444444444,1.0,273.0
4,0.03540200402705672,0.2535211267605634,0.5092592592592593,0.15789473684210525,0.6428571428571429,0.06719860132358482,0.9705882352941175,0.9782608695652173,0.9444444444444444,1.0,414.0
