,train_loss,f1_score_test_yolo,accuracy_test_yolo,precision_test_yolo,recall_test_yolo,test_loss,test_f1,test_acc,test_prec,test_recall,time_duration
0,0.8182083472934242,0.0,0.4722222222222222,0.0,0.0,0.6456004813637424,0.0,0.6902173913043479,0.0,0.875,278.0
1,0.805560806473,0.0,0.4722222222222222,0.0,0.0,0.6396957140253937,0.0,0.6956521739130432,0.0,1.0,278.0
2,0.8069795944886744,0.0,0.4722222222222222,0.0,0.0,0.6231752891579401,0.0,0.6956521739130435,0.0,1.0,553.0
3,0.8075350898230047,0.0,0.4722222222222222,0.0,0.0,0.6149089443294898,0.0,0.6956521739130433,0.0,1.0,552.0
4,0.8124136721742324,0.0,0.4722222222222222,0.0,0.0,0.6203331090509892,0.0,0.6956521739130435,0.0,1.0,829.0
