,train_loss,f1_score_test_yolo,accuracy_test_yolo,precision_test_yolo,recall_test_yolo,test_loss,test_f1,test_acc,test_prec,test_recall,time_duration
0,0.806517210087436,0.0,0.4722222222222222,0.0,0.0,458780368083923.8,0.0,0.5923913043478262,0.0,1.0,146.0
1,0.7685835122917988,0.0,0.4722222222222222,0.0,0.0,1246.0050555227892,0.025,0.5869565217391305,0.013888888888888888,0.625,139.0
2,0.7173687573928234,0.0,0.4722222222222222,0.0,0.0,2625.5800930786395,0.0,0.5923913043478262,0.0,1.0,290.0
3,0.6636803883162778,0.0,0.4722222222222222,0.0,0.0,15162.36514294277,0.35287571225071224,0.45652173913043476,0.5416666666666666,0.5184610075914424,279.0
4,0.681453362485662,0.0,0.4722222222222222,0.0,0.0,0.6763266992309819,0.140625,0.5380434782608696,0.25,0.8478260869565217,436.0
