,train_loss,f1_score_test_yolo,accuracy_test_yolo,precision_test_yolo,recall_test_yolo,test_loss,test_f1,test_acc,test_prec,test_recall,time_duration
0,1.1575556448610114,0.6301369863013698,0.5,0.8070175438596491,0.5168539325842697,1.0834186763867089,0.5618222922273877,0.4021739130434782,0.9444444444444444,0.40021787279117915,140.0
1,1.1578920758188564,0.6301369863013698,0.5,0.8070175438596491,0.5168539325842697,1.158255446864211,0.5712997512437811,0.4076086956521739,0.9722222222222222,0.4050207039337474,141.0
2,1.1585458275200664,0.6301369863013698,0.5,0.8070175438596491,0.5168539325842697,1.2338802114776943,0.5808235607675907,0.41304347826086957,1.0,0.4097826086956522,279.0
3,1.156938712570947,0.6301369863013698,0.5,0.8070175438596491,0.5168539325842697,1.2370165223660676,0.5808235607675907,0.41304347826086957,1.0,0.4097826086956522,279.0
