,train_loss,f1_score_test_yolo,accuracy_test_yolo,precision_test_yolo,recall_test_yolo,test_loss,test_f1,test_acc,test_prec,test_recall,time_duration
0,0.7759814287646343,0.6909090909090909,0.5277777777777778,1.0,0.5277777777777778,9671870330791.34,0.29734141791044777,0.5163043478260869,0.5,0.7119565217391304,138.0
1,0.983732177527957,0.0,0.4722222222222222,0.0,0.0,4.1298927900199494e+17,0.140625,0.5163043478260869,0.25,0.5978260869565217,134.0
2,0.8272922188223777,0.0,0.4722222222222222,0.0,0.0,1054.0458919082,0.0,0.5923913043478262,0.0,1.0,275.0
3,0.8839075041277973,0.6909090909090909,0.5277777777777778,1.0,0.5277777777777778,104.84310937186946,0.44615094171997155,0.44565217391304346,0.7222222222222222,0.384575569358178,275.0
4,0.7037352707426427,0.0,0.4722222222222222,0.0,0.0,38.106745990722075,0.0,0.5923913043478262,0.0,1.0,413.0
