,train_loss,f1_score_test_yolo,accuracy_test_yolo,precision_test_yolo,recall_test_yolo,test_loss,test_f1,test_acc,test_prec,test_recall,time_duration
0,0.8565064794062991,0.6748466257668712,0.5092592592592593,0.9649122807017544,0.5188679245283019,0.8379454457241555,0.5418392969240426,0.42391304347826086,0.8432539682539683,0.400158953512612,166.0
1,0.8432156376928055,0.6748466257668712,0.5092592592592593,0.9649122807017544,0.5188679245283019,0.822700608683669,0.5298920377867746,0.4184782608695652,0.8154761904761905,0.3936112906701142,189.0
2,0.836138474213313,0.6748466257668712,0.5092592592592593,0.9649122807017544,0.5188679245283019,0.8121507938789284,0.5394381669805399,0.4184782608695652,0.8432539682539683,0.3976908931177223,353.0
3,0.8217029684327967,0.6748466257668712,0.5092592592592593,0.9649122807017544,0.5188679245283019,0.8041461220254069,0.5385371521889328,0.41847826086956524,0.8432539682539683,0.3967985986881336,379.0
4,0.8136297012470942,0.6748466257668712,0.5092592592592593,0.9649122807017544,0.5188679245283019,0.7896762367175973,0.546753064393564,0.43478260869565216,0.8432539682539683,0.40570577083734977,539.0
