,train_loss,f1_score_test_yolo,accuracy_test_yolo,precision_test_yolo,recall_test_yolo,test_loss,test_f1,test_acc,test_prec,test_recall,time_duration
0,0.9939386694183672,0.0,0.4722222222222222,0.0,0.0,44412250112.3589,0.0,0.6956521739130435,0.0,1.0,276.0
1,0.7450706946518286,0.6909090909090909,0.5277777777777778,1.0,0.5277777777777778,27219336364437.633,0.2908138672599184,0.4510869565217391,0.625,0.5652173913043479,274.0
2,0.9259042822131234,0.0,0.4722222222222222,0.0,0.0,195783500498476.34,0.0,0.6956521739130435,0.0,1.0,553.0
3,0.9520960453780453,0.6909090909090909,0.5277777777777778,1.0,0.5277777777777778,151.21034695208073,0.0625,0.701086956521739,0.053571428571428575,0.95,548.0
4,0.7932224255663307,0.0,0.4722222222222222,0.0,0.0,68.63799323141575,0.0,0.6956521739130435,0.0,1.0,829.0
