,train_loss,f1_score_test_yolo,accuracy_test_yolo,precision_test_yolo,recall_test_yolo,test_loss,test_f1,test_acc,test_prec,test_recall,time_duration
0,0.40142475185775667,0.273972602739726,0.5092592592592593,0.17543859649122806,0.625,0.2023757458027256,0.9164215686274509,0.926315789473684,0.8809848484848485,0.9638888888888888,416.0
1,0.16700247500105353,0.3013698630136986,0.5277777777777778,0.19298245614035087,0.6875,0.12890533432487006,0.9663398692810458,0.9684210526315787,0.9493181818181817,0.9888888888888888,483.0
2,0.08515099720414547,0.0,0.4444444444444444,0.0,0.0,0.062290413503682134,0.9774603174603174,0.9789473684210525,0.9584090909090908,0.9999999999999999,894.0
3,0.04932585101036663,0.19718309859154928,0.4722222222222222,0.12280701754385964,0.5,0.24671485096608337,0.8868657805678266,0.894736842105263,0.9249999999999999,0.8791045066045066,963.0
4,0.04288375891803863,0.275,0.46296296296296297,0.19298245614035087,0.4782608695652174,0.5344057996806345,0.7322119410380281,0.6684210526315789,0.9374999999999999,0.6471297729618162,1605.0
