,train_loss,f1_score_test_yolo,accuracy_test_yolo,precision_test_yolo,recall_test_yolo,test_loss,test_f1,test_acc,test_prec,test_recall,time_duration
0,0.7140732514265093,0.0,0.4537037037037037,0.0,0.0,0.8049668610095977,0.0,0.5157894736842106,0.0,0.6,411.0
1,0.7126445065351945,0.0,0.4537037037037037,0.0,0.0,0.6812298595905305,0.092991452991453,0.5526315789473684,0.05568181818181817,0.8999999999999999,472.0
2,0.6842726804677722,0.0,0.4537037037037037,0.0,0.0,0.7103461384773254,0.1496825396825397,0.5526315789473684,0.09159090909090908,0.7999999999999999,882.0
3,0.6838658952958955,0.0,0.4537037037037037,0.0,0.0,0.7287226140499115,0.14188034188034188,0.5368421052631578,0.08818181818181817,0.64,947.0
4,0.6842790445837292,0.0,0.4722222222222222,0.0,0.0,0.6670495510101319,0.1839005439005439,0.5736842105263158,0.11151515151515151,0.8166666666666665,1353.0
