,train_loss,f1_score_test_yolo,accuracy_test_yolo,precision_test_yolo,recall_test_yolo,test_loss,test_f1,test_acc,test_prec,test_recall,time_duration
0,0.2798957633712704,0.60431654676259,0.49074074074074076,0.7368421052631579,0.5121951219512195,0.7707762044409047,0.2464285714285714,0.625,0.2916666666666667,0.8846153846153846,168.0
1,0.32523630027903616,0.0,0.4722222222222222,0.0,0.0,0.5086305368205775,0.4432692307692308,0.7554347826086957,0.45039682539682546,0.9431818181818181,187.0
2,0.24764075740820476,0.2682926829268293,0.4444444444444444,0.19298245614035087,0.44,0.40294835408744606,0.8152834799608993,0.8369565217391304,0.8035714285714286,0.8828125,356.0
3,0.1854660652190483,0.23684210526315788,0.46296296296296297,0.15789473684210525,0.47368421052631576,0.24493306470306025,0.8654681467181468,0.8913043478260868,0.8531746031746033,0.8853383458646616,374.0
4,0.16024747386489158,0.275,0.46296296296296297,0.19298245614035087,0.4782608695652174,0.31175697627274884,0.8867860152190957,0.8913043478260869,0.9345238095238095,0.8687724014336917,545.0
