,train_loss,f1_score_test_yolo,accuracy_test_yolo,precision_test_yolo,recall_test_yolo,test_loss,test_f1,test_acc,test_prec,test_recall,time_duration
0,0.5597854947458808,0.6055045871559633,0.6018518518518519,0.5789473684210527,0.6346153846153846,0.3580840319395065,0.8499192929533486,0.8631578947368419,0.8409848484848486,0.880436507936508,411.0
1,0.576127640912038,0.0,0.4722222222222222,0.0,0.0,1.3620443910360336,0.381080843708721,0.6368421052631579,0.4208333333333333,0.8865079365079364,476.0
2,0.3479815105211388,0.0,0.4722222222222222,0.0,0.0,0.7962443798780441,0.739472683232274,0.6842105263157894,0.9070454545454545,0.6694062078272605,892.0
3,0.3054906451957101,0.0,0.4722222222222222,0.0,0.0,0.405392836034298,0.7891407037123148,0.7947368421052632,0.8234848484848485,0.824017094017094,949.0
4,0.2794179246360798,0.0,0.4722222222222222,0.0,0.0,0.4831122636795044,0.8869366629242789,0.8631578947368419,0.9888888888888888,0.828219696969697,1372.0
