,train_loss,f1_score_test_yolo,accuracy_test_yolo,precision_test_yolo,recall_test_yolo,test_loss,test_f1,test_acc,test_prec,test_recall,time_duration
0,0.9175612944501488,0.6909090909090909,0.5277777777777778,1.0,0.5277777777777778,0.9408471526011176,0.5229724804082376,0.3913043478260869,0.8293650793650794,0.38323543354031153,176.0
1,0.9239283101734543,0.6909090909090909,0.5277777777777778,1.0,0.5277777777777778,0.9449657985697621,0.5211867661225233,0.3858695652173913,0.8293650793650794,0.3812795302686188,192.0
2,0.9218108999974206,0.6909090909090909,0.5277777777777778,1.0,0.5277777777777778,0.9418550567782443,0.5229724804082376,0.3913043478260869,0.8293650793650794,0.38323543354031164,367.0
3,0.9208738774673826,0.6909090909090909,0.5277777777777778,1.0,0.5277777777777778,0.9454368475986563,0.5211867661225233,0.3858695652173913,0.8293650793650794,0.3812795302686188,381.0
4,0.9210269126811368,0.6909090909090909,0.5277777777777778,1.0,0.5277777777777778,0.9430198520421982,0.5229724804082376,0.3913043478260869,0.8293650793650794,0.38323543354031164,556.0
