,train_loss,f1_score_test_yolo,accuracy_test_yolo,precision_test_yolo,recall_test_yolo,test_loss,test_f1,test_acc,test_prec,test_recall,time_duration
0,1.782702375492714,0.0,0.4722222222222222,0.0,0.0,3.9366826241229753,0.16199677938808374,0.4842105263157894,0.25555555555555554,0.8199248120300751,416.0
1,1.311652700624709,0.0,0.4722222222222222,0.0,0.0,0.698094653142126,0.0,0.5368421052631579,0.0,0.9999999999999999,484.0
2,1.3392964968439733,0.0,0.4722222222222222,0.0,0.0,0.7045421623869945,0.0,0.5368421052631579,0.0,0.9999999999999999,901.0
3,1.1176608803238974,0.0,0.4722222222222222,0.0,0.0,0.6955301585950349,0.12354497354497354,0.5157894736842106,0.19999999999999998,0.8894736842105262,974.0
4,0.9479987650603344,0.0,0.4722222222222222,0.0,0.0,0.6919004402662577,0.0642857142857143,0.531578947368421,0.09999999999999999,0.9473684210526314,1383.0
