,train_loss,f1_score_test_yolo,accuracy_test_yolo,precision_test_yolo,recall_test_yolo,test_loss,test_f1,test_acc,test_prec,test_recall,time_duration
0,0.2491225730695344,0.1875,0.5185185185185185,0.10526315789473684,0.8571428571428571,26.232908137628566,0.3874684441045997,0.7119565217391304,0.3313492063492064,0.9736842105263158,140.0
1,0.20522914880924964,0.22857142857142856,0.5,0.14035087719298245,0.6153846153846154,6.254865857408098,0.6598856859726424,0.8043478260869565,0.5773809523809523,0.8436274509803922,136.0
2,0.13409986181892725,0.0,0.4722222222222222,0.0,0.0,3.1814982258846336,0.8019758186299821,0.7989130434782608,0.8908730158730159,0.7728808353808354,279.0
3,0.15449209957595034,0.6909090909090909,0.5277777777777778,1.0,0.5277777777777778,14.307043919501744,0.6964235722284435,0.6141304347826086,0.9523809523809523,0.6008245877061469,275.0
4,0.06697819827455563,0.6369426751592356,0.4722222222222222,0.8771929824561403,0.5,0.7178489258107932,0.8629968203497614,0.8913043478260869,0.8472222222222222,0.9019138755980861,416.0
