,train_loss,f1_score_test_yolo,accuracy_test_yolo,precision_test_yolo,recall_test_yolo,test_loss,test_f1,test_acc,test_prec,test_recall,time_duration
0,0.805839120945302,0.0,0.4722222222222222,0.0,0.0,0.7181436309347982,0.0,0.5923913043478262,0.0,1.0,165.0
1,0.8756532257889029,0.0,0.4722222222222222,0.0,0.0,0.696397043440653,0.140625,0.5380434782608696,0.25,0.8478260869565217,182.0
2,0.7697920349517785,0.0,0.4722222222222222,0.0,0.0,0.6859744890876438,0.0,0.5923913043478262,0.0,1.0,349.0
3,0.6630329257992187,0.6909090909090909,0.5277777777777778,1.0,0.5277777777777778,0.9618402615837429,0.125,0.5815217391304348,0.1388888888888889,0.8636363636363636,366.0
4,0.681678319280064,0.0,0.4722222222222222,0.0,0.0,4.135065376758575,0.369203093426562,0.5706521739130435,0.41666666666666663,0.625484496124031,535.0
