,train_loss,f1_score_test_yolo,accuracy_test_yolo,precision_test_yolo,recall_test_yolo,test_loss,test_f1,test_acc,test_prec,test_recall,time_duration
0,1.2466538654417338,0.6909090909090909,0.5277777777777778,1.0,0.5277777777777778,87048087374.21802,0.23908972932888395,0.5108695652173911,0.5,0.6576086956521738,269.0
1,0.8430297945546124,0.6909090909090909,0.5277777777777778,1.0,0.5277777777777778,178882534657539.03,0.21350574712643677,0.4728260869565217,0.48214285714285715,0.6373517786561265,274.0
2,0.8925466286243449,0.0,0.4722222222222222,0.0,0.0,2.1794596325894617,0.23908972932888395,0.5054347826086956,0.5,0.5326086956521738,551.0
3,0.751417142448287,0.0,0.4722222222222222,0.0,0.0,8776.597155014133,0.0,0.6956521739130435,0.0,1.0,547.0
4,0.8152877119028582,0.0,0.4722222222222222,0.0,0.0,207.72942465057838,0.0,0.6956521739130435,0.0,1.0,826.0
