,train_loss,f1_score_test_yolo,accuracy_test_yolo,precision_test_yolo,recall_test_yolo,test_loss,test_f1,test_acc,test_prec,test_recall,time_duration
0,0.4181320353946536,0.0,0.4166666666666667,0.0,0.0,7.3884432557970285,0.4776515151515151,0.8043478260869565,0.3616071428571428,1.0,275.0
1,0.22164991663561925,0.0,0.4722222222222222,0.0,0.0,20.330862298607826,0.22115384615384615,0.7445652173913044,0.20089285714285715,0.9479166666666666,277.0
2,0.15407123816669205,0.5510204081632653,0.5925925925925926,0.47368421052631576,0.6585365853658537,0.702346270903945,0.8021007525083611,0.8804347826086955,0.7827380952380952,0.8930555555555556,550.0
3,0.15767657474593283,0.0,0.4444444444444444,0.0,0.0,2.1324236267246306,0.8477199883449884,0.9239130434782609,0.7700892857142858,0.984375,555.0
4,0.12153636716517925,0.125,0.48148148148148145,0.07017543859649122,0.5714285714285714,0.36587527734809555,0.8727199883449884,0.9293478260869564,0.8504464285714286,0.9352678571428572,824.0
