,train_loss,f1_score_test_yolo,accuracy_test_yolo,precision_test_yolo,recall_test_yolo,test_loss,test_f1,test_acc,test_prec,test_recall,time_duration
0,0.688078685115671,0.3125,0.3888888888888889,0.2631578947368421,0.38461538461538464,0.6834485595640928,0.28751384815900943,0.5271739130434783,0.25396825396825395,0.3551587301587301,139.0
1,0.6927837686210041,0.3125,0.3888888888888889,0.2631578947368421,0.38461538461538464,0.6790751251189605,0.368541986687148,0.5434782608695652,0.3373015873015873,0.42518674136321194,139.0
2,0.6911137023214566,0.3125,0.3888888888888889,0.2631578947368421,0.38461538461538464,0.6792059398215748,0.37171658986175116,0.5489130434782609,0.33730158730158727,0.4317226890756302,281.0
3,0.6963792631386845,0.3125,0.3888888888888889,0.2631578947368421,0.38461538461538464,0.6777311343213785,0.37171658986175116,0.5489130434782609,0.33730158730158727,0.4317226890756302,275.0
4,0.6972384129931302,0.3125,0.3888888888888889,0.2631578947368421,0.38461538461538464,0.6783588444409163,0.39568845133361263,0.5597826086956522,0.36507936507936506,0.4509803921568627,417.0
