,train_loss,f1_score_test_yolo,accuracy_test_yolo,precision_test_yolo,recall_test_yolo,test_loss,test_f1,test_acc,test_prec,test_recall,time_duration
0,0.9615563354584442,0.6951219512195121,0.5370370370370371,1.0,0.5327102803738317,0.9734239273745081,0.569358827024631,0.4021739130434782,0.9722222222222223,0.40299187527448393,146.0
1,0.9566437327055539,0.6951219512195121,0.5370370370370371,1.0,0.5327102803738317,0.9695588117060454,0.5739094574780058,0.4130434782608695,0.9722222222222223,0.40767457180500655,139.0
2,0.9388896242758262,0.6951219512195121,0.5370370370370371,1.0,0.5327102803738317,0.9739820931268776,0.581917314243134,0.42391304347826086,0.9861111111111112,0.413329962925514,289.0
3,0.9357682481642358,0.6951219512195121,0.5370370370370371,1.0,0.5327102803738317,0.9645565320616183,0.5842397186147186,0.4293478260869565,0.9861111111111112,0.41568322981366457,280.0
4,0.9121449547876168,0.6951219512195121,0.5370370370370371,1.0,0.5327102803738317,0.9523956574823546,0.5866408485582215,0.43478260869565216,0.9861111111111112,0.41815129020855424,433.0
