,train_loss,f1_score_test_yolo,accuracy_test_yolo,precision_test_yolo,recall_test_yolo,test_loss,test_f1,test_acc,test_prec,test_recall,time_duration
0,0.7095378851732002,0.6371681415929203,0.6203703703703703,0.631578947368421,0.6428571428571429,0.6917241886258125,0.5717998306041783,0.5597826086956522,0.9642857142857144,0.40820057189542486,281.0
1,0.44731257576608024,0.5904761904761905,0.6018518518518519,0.543859649122807,0.6458333333333334,0.4648125059902668,0.7514944348064554,0.7989130434782608,0.9308035714285714,0.6503246753246753,285.0
2,0.30286355834940204,0.5544554455445545,0.5833333333333334,0.49122807017543857,0.6363636363636364,0.32982993498444557,0.8694177350427351,0.9184782608695652,0.8973214285714286,0.8583829365079365,558.0
3,0.20586440170762618,0.6095238095238096,0.6203703703703703,0.5614035087719298,0.6666666666666666,0.26471225544810295,0.8614037922861454,0.9130434782608695,0.8638392857142857,0.865327380952381,564.0
4,0.15139539505579164,0.6727272727272727,0.6666666666666666,0.6491228070175439,0.6981132075471698,0.2196623794734478,0.8697371256194787,0.9184782608695652,0.8638392857142858,0.8809523809523809,833.0
