,train_loss,f1_score_test_yolo,accuracy_test_yolo,precision_test_yolo,recall_test_yolo,test_loss,test_f1,test_acc,test_prec,test_recall,time_duration
0,0.8850293098270751,0.0,0.4722222222222222,0.0,0.0,0.9260134994983673,0.015384615384615385,0.4842105263157894,0.012499999999999999,0.31999999999999995,408.0
1,0.8895497671464114,0.0,0.4722222222222222,0.0,0.0,0.9591617524623871,0.0,0.5105263157894736,0.0,0.6,487.0
2,0.8824112638469459,0.0,0.4722222222222222,0.0,0.0,0.9913212537765501,0.0,0.5105263157894737,0.0,0.6,885.0
3,0.8780291941270089,0.0,0.4722222222222222,0.0,0.0,1.007119256258011,0.0,0.5210526315789473,0.0,0.7999999999999999,964.0
