,train_loss,f1_score_test_yolo,accuracy_test_yolo,precision_test_yolo,recall_test_yolo,test_loss,test_f1,test_acc,test_prec,test_recall,time_duration
0,0.6636377692367268,0.56,0.5925925925925926,0.49122807017543857,0.6511627906976745,0.7128810716302771,0.254979709832651,0.47368421052631576,0.21075757575757573,0.3989285714285714,427.0
1,0.6434754849167412,0.5544554455445545,0.5833333333333334,0.49122807017543857,0.6363636363636364,0.7080397353360526,0.4140578161088997,0.5052631578947367,0.3876767676767676,0.45757936507936503,487.0
2,0.6286695915482287,0.6962962962962963,0.6203703703703703,0.8245614035087719,0.6025641025641025,0.6847355522607503,0.1788167388167388,0.5210526315789474,0.11805555555555554,0.4599999999999999,922.0
3,0.6188967767560366,0.6909090909090909,0.5277777777777778,1.0,0.5277777777777778,0.6833188019300762,0.16975912975912977,0.5210526315789473,0.10694444444444444,0.4833333333333333,987.0
4,0.6163846227584534,0.6909090909090909,0.5277777777777778,1.0,0.5277777777777778,0.6548641029157136,0.47055361305361304,0.6473684210526316,0.3547727272727273,0.7780952380952381,1660.0
