,train_loss,f1_score_test_yolo,accuracy_test_yolo,precision_test_yolo,recall_test_yolo,test_loss,test_f1,test_acc,test_prec,test_recall,time_duration
0,0.7293348364270729,0.5849056603773585,0.5925925925925926,0.543859649122807,0.6326530612244898,0.8772677555680275,0.458057573777214,0.3967391304347826,0.8415178571428571,0.31732045689089033,271.0
1,0.68389617162813,0.5242718446601942,0.5462962962962963,0.47368421052631576,0.5869565217391305,0.7903384566307068,0.47318159036189733,0.47826086956521735,0.7872023809523809,0.3416680686659402,273.0
2,0.6688128606852701,0.52,0.5555555555555556,0.45614035087719296,0.6046511627906976,0.7269114255905151,0.48814211039106725,0.5271739130434783,0.7514880952380953,0.3656814998726764,551.0
3,0.6117359919351758,0.5154639175257731,0.5648148148148148,0.43859649122807015,0.625,0.6831269413232803,0.5385038270907836,0.5869565217391304,0.7901785714285714,0.4155500341162106,547.0
4,0.5890399434087351,0.5208333333333334,0.5740740740740741,0.43859649122807015,0.6410256410256411,0.6424223259091377,0.5875067237039744,0.6521739130434782,0.8110119047619047,0.4651442307692308,827.0
