,train_loss,f1_score_test_yolo,accuracy_test_yolo,precision_test_yolo,recall_test_yolo,test_loss,test_f1,test_acc,test_prec,test_recall,time_duration
0,0.3013951048849572,0.0,0.4722222222222222,0.0,0.0,0.27489657829637115,0.8926868044515103,0.9184782608695652,0.8432539682539683,0.953125,170.0
1,0.1398767625626983,0.0,0.4722222222222222,0.0,0.0,0.14607267110082117,0.924396681749623,0.9402173913043479,0.8948412698412699,0.9583333333333334,190.0
2,0.08401553136856266,0.0,0.4722222222222222,0.0,0.0,0.08702689550978981,0.9650238473767885,0.9728260869565217,0.9583333333333334,0.9736842105263158,363.0
3,0.04392169803007086,0.0,0.4722222222222222,0.0,0.0,0.04880123223056612,0.9928571428571429,0.9945652173913044,0.9861111111111112,1.0,379.0
4,0.03878863816382645,0.0,0.4722222222222222,0.0,0.0,0.030017384575963344,0.9928571428571429,0.9945652173913044,0.9861111111111112,1.0,556.0
