,train_loss,f1_score_test_yolo,accuracy_test_yolo,precision_test_yolo,recall_test_yolo,test_loss,test_f1,test_acc,test_prec,test_recall,time_duration
0,0.6972195773014744,0.5094339622641509,0.5185185185185185,0.47368421052631576,0.5510204081632653,0.6653060279394452,0.3973792873792874,0.5894736842105264,0.310959595959596,0.5966666666666667,424.0
1,0.6734434508727593,0.6666666666666666,0.5185185185185185,0.9122807017543859,0.5252525252525253,0.6710746049880981,0.3596314212103686,0.5736842105263158,0.27972222222222226,0.5733333333333333,491.0
2,0.6546197299058866,0.6666666666666666,0.5185185185185185,0.9122807017543859,0.5252525252525253,0.669989013671875,0.18571872571872572,0.5526315789473684,0.1129040404040404,0.6833333333333332,919.0
3,0.6595719574579915,0.6909090909090909,0.5277777777777778,1.0,0.5277777777777778,0.6657254912351307,0.3136020841903195,0.5631578947368421,0.23777777777777778,0.6124999999999999,982.0
4,0.6530141192081484,0.6909090909090909,0.5277777777777778,1.0,0.5277777777777778,0.6623019507056789,0.13707070707070707,0.5473684210526316,0.0827020202020202,0.7833333333333333,1404.0
