,train_loss,f1_score_test_yolo,accuracy_test_yolo,precision_test_yolo,recall_test_yolo,test_loss,test_f1,test_acc,test_prec,test_recall,time_duration
0,0.8704596426711838,0.6835443037974683,0.5370370370370371,0.9473684210526315,0.5346534653465347,0.8520917341760967,0.5935568321647788,0.4510869565217392,0.9861111111111112,0.42497636604273026,165.0
1,0.7753660972922716,0.6878980891719745,0.5462962962962963,0.9473684210526315,0.54,0.7503961732854014,0.617664851784634,0.5163043478260869,0.9603174603174603,0.4560897435897436,186.0
2,0.6815955657264197,0.6878980891719745,0.5462962962962963,0.9473684210526315,0.54,0.6767594762470411,0.6413192108774523,0.5543478260869565,0.9742063492063492,0.4797126612675393,352.0
3,0.6073155063311451,0.7162162162162162,0.6111111111111112,0.9298245614035088,0.5824175824175825,0.6088065598969874,0.6804873294346978,0.625,0.9742063492063492,0.5255803224553225,375.0
4,0.5416292442952564,0.6853146853146853,0.5833333333333334,0.8596491228070176,0.5697674418604651,0.5398488245580507,0.7099358974358974,0.6739130434782608,0.9742063492063493,0.5612903225806452,541.0
