,train_loss,f1_score_test_yolo,accuracy_test_yolo,precision_test_yolo,recall_test_yolo,test_loss,test_f1,test_acc,test_prec,test_recall,time_duration
0,0.34291807602654056,0.425,0.5740740740740741,0.2982456140350877,0.7391304347826086,12.492849193837333,0.6922355588897224,0.8369565217391304,0.6130952380952381,0.9772727272727273,140.0
1,0.2761524444695972,0.0,0.4722222222222222,0.0,0.0,13804.972446039155,0.45580808080808083,0.7445652173913042,0.4285714285714286,0.9527777777777778,138.0
2,0.27309258139839776,0.0,0.4722222222222222,0.0,0.0,11.775441715736752,0.6888206869531148,0.7554347826086956,0.6746031746031746,0.8296875,280.0
3,0.21633154303195395,0.08823529411764706,0.42592592592592593,0.05263157894736842,0.2727272727272727,7.290280793833992,0.7734533576554427,0.7608695652173914,0.9246031746031745,0.6961111111111112,273.0
4,0.24278266491884187,0.24324324324324326,0.48148148148148145,0.15789473684210525,0.5294117647058824,0.45933056395986804,0.8716306136275649,0.8967391304347826,0.876984126984127,0.8814484126984127,420.0
