,train_loss,f1_score_test_yolo,accuracy_test_yolo,precision_test_yolo,recall_test_yolo,test_loss,test_f1,test_acc,test_prec,test_recall,time_duration
0,0.05345957942199016,0.03278688524590164,0.4537037037037037,0.017543859649122806,0.25,0.13640203600263465,0.9344012605042017,0.9510869565217391,0.878968253968254,1.0,144.0
1,0.030305864296159835,0.125,0.48148148148148145,0.07017543859649122,0.5714285714285714,0.16402737641138906,0.9545454545454546,0.9673913043478262,0.9166666666666667,1.0,138.0
2,0.025165328093704073,0.0,0.4444444444444444,0.0,0.0,0.06819967022190965,0.9640323091542604,0.9728260869565217,0.9325396825396826,1.0,278.0
3,0.024183528888587727,0.0,0.4722222222222222,0.0,0.0,0.9051539421957189,0.7656146179401992,0.8804347826086957,0.7083333333333334,0.9886363636363636,276.0
4,0.02166763718882992,0.0,0.46296296296296297,0.0,0.0,0.01936500526309344,0.9870431893687708,0.9891304347826088,0.9861111111111112,0.9886363636363636,413.0
