,train_loss,f1_score_test_yolo,accuracy_test_yolo,precision_test_yolo,recall_test_yolo,test_loss,test_f1,test_acc,test_prec,test_recall,time_duration
0,0.7331388599230247,0.6962025316455697,0.5555555555555556,0.9649122807017544,0.5445544554455446,0.7102918863296509,0.6052268858355815,0.5263157894736842,0.7871717171717172,0.49560897435897433,360.0
1,0.7358423683394506,0.6962025316455697,0.5555555555555556,0.9649122807017544,0.5445544554455446,0.7028775393962859,0.6154245142940796,0.5473684210526316,0.7846717171717171,0.5084294871794871,357.0
2,0.7352667191942918,0.6962025316455697,0.5555555555555556,0.9649122807017544,0.5445544554455446,0.7062785327434539,0.6282218737973213,0.5578947368421052,0.7957828282828283,0.5247635207929325,716.0
3,0.7410333359849106,0.6962025316455697,0.5555555555555556,0.9649122807017544,0.5445544554455446,0.7108550190925599,0.6155934152992976,0.5473684210526316,0.7746717171717172,0.5166899277193394,714.0
4,0.7365397666987863,0.6962025316455697,0.5555555555555556,0.9649122807017544,0.5445544554455446,0.7117173790931702,0.6181908178967002,0.5526315789473684,0.774671717171717,0.5199866310160428,1072.0
