,train_loss,f1_score_test_yolo,accuracy_test_yolo,precision_test_yolo,recall_test_yolo,test_loss,test_f1,test_acc,test_prec,test_recall,time_duration
0,0.7173955867211652,0.11940298507462686,0.4537037037037037,0.07017543859649122,0.4,0.7385625302791595,0.03818181818181818,0.5368421052631579,0.0225,0.8499999999999999,423.0
1,0.716202965910429,0.13114754098360656,0.5092592592592593,0.07017543859649122,1.0,0.6754175543785096,0.022222222222222223,0.5421052631578948,0.012499999999999999,0.9999999999999999,487.0
2,0.678182677772728,0.13114754098360656,0.5092592592592593,0.07017543859649122,1.0,0.674811029434204,0.0404040404040404,0.5421052631578946,0.0225,0.8999999999999999,903.0
3,0.6801407638647893,0.13114754098360656,0.5092592592592593,0.07017543859649122,1.0,0.6824859201908111,0.12262626262626264,0.5526315789473685,0.0725,0.8499999999999999,973.0
4,0.6786782742631667,0.13114754098360656,0.5092592592592593,0.07017543859649122,1.0,0.6865651845932006,0.12121212121212122,0.5526315789473684,0.0725,0.8666666666666666,1396.0
