,train_loss,f1_score_test_yolo,accuracy_test_yolo,precision_test_yolo,recall_test_yolo,test_loss,test_f1,test_acc,test_prec,test_recall,time_duration
0,0.6435518028083783,0.0,0.4722222222222222,0.0,0.0,0.5985595164415629,0.31127344877344876,0.6902173913043478,0.25223214285714285,0.46354166666666663,284.0
1,0.583610418158165,0.0,0.4722222222222222,0.0,0.0,0.548412881143715,0.40997474747474744,0.7554347826086956,0.3013392857142857,0.65625,282.0
2,0.5474814154963563,0.0,0.4722222222222222,0.0,0.0,0.5044498354520487,0.43879176379176377,0.7663043478260869,0.32961309523809523,0.6833333333333333,564.0
3,0.5173675442044651,0.6363636363636364,0.48148148148148145,0.8596491228070176,0.5051546391752577,0.7037413981945618,0.3852899447214769,0.3858695652173913,0.7857142857142857,0.3821969696969697,557.0
4,0.5352505157187022,0.6538461538461539,0.5,0.8947368421052632,0.5151515151515151,0.6096507974940798,0.653479897353774,0.6467391304347826,0.8563988095238095,0.6324855942654435,835.0
