,train_loss,f1_score_test_yolo,accuracy_test_yolo,precision_test_yolo,recall_test_yolo,test_loss,test_f1,test_acc,test_prec,test_recall,time_duration
0,0.02588518059833883,0.6451612903225806,0.49074074074074076,0.8771929824561403,0.5102040816326531,0.4051455482840538,0.7613792457542456,0.8641304347826085,0.7090773809523809,0.8424107142857143,1739.0
1,0.010545184532365678,0.6165413533834586,0.5277777777777778,0.7192982456140351,0.5394736842105263,0.09787711958051659,0.9435897435897436,0.967391304347826,0.9174107142857144,0.984375,6181.0
2,0.008858319253411859,0.5245901639344263,0.46296296296296297,0.5614035087719298,0.49230769230769234,0.11511302541475743,0.9423076923076924,0.9673913043478259,0.9174107142857144,0.9821428571428572,8519.0
3,0.007052433910657751,0.6829268292682927,0.5185185185185185,0.9824561403508771,0.5233644859813084,0.8003124557435513,0.6595351359167149,0.6630434782608695,0.9375,0.5459202334286464,12553.0
4,0.006202932878403317,0.0,0.4722222222222222,0.0,0.0,1.798373132944107,0.4012977382276604,0.34239130434782616,0.875,0.38586956521739135,11822.0
