,train_loss,f1_score_test_yolo,accuracy_test_yolo,precision_test_yolo,recall_test_yolo,test_loss,test_f1,test_acc,test_prec,test_recall,time_duration
0,0.18262674940801804,0.06153846153846154,0.4351851851851852,0.03508771929824561,0.25,0.7597257141023874,0.5747655122655122,0.826086956521739,0.47247023809523814,0.9642857142857144,2897.0
1,0.16410384345416792,0.17647058823529413,0.48148148148148145,0.10526315789473684,0.5454545454545454,0.6172021739184856,0.5540665273423894,0.6413043478260869,0.7410714285714286,0.6564958592132506,12499.0
2,0.12371311362769721,0.14705882352941177,0.46296296296296297,0.08771929824561403,0.45454545454545453,0.49841428454965353,0.749551282051282,0.8369565217391304,0.755952380952381,0.8313929738562091,9637.0
3,0.11744020672508278,0.5833333333333334,0.4444444444444444,0.7368421052631579,0.4827586206896552,0.6368798352777958,0.6307793655619742,0.6793478260869564,0.8459821428571429,0.5892073934837092,31829.0
4,0.1368678163955531,0.6829268292682927,0.5185185185185185,0.9824561403508771,0.5233644859813084,0.33003610745072365,0.7922121007647324,0.8858695652173912,0.7790178571428571,0.897253787878788,14385.0
