,train_loss,f1_score_test_yolo,accuracy_test_yolo,precision_test_yolo,recall_test_yolo,test_loss,test_f1,test_acc,test_prec,test_recall,time_duration
0,0.07621337512498993,0.23376623376623376,0.4537037037037037,0.15789473684210525,0.45,0.16504736430943012,0.9139005602240896,0.9263157894736841,0.8573737373737372,0.9874999999999999,414.0
1,0.032260652545622534,0.4,0.5277777777777778,0.2982456140350877,0.6071428571428571,0.3168316498398781,0.8498777469520501,0.8631578947368421,0.8284343434343434,0.9072527472527471,475.0
2,0.027539364238709292,0.37777777777777777,0.48148148148148145,0.2982456140350877,0.5151515151515151,0.0906275412067771,0.9698039215686274,0.9736842105263157,0.9574999999999998,0.9888888888888887,886.0
3,0.01871794830416883,0.2926829268292683,0.46296296296296297,0.21052631578947367,0.48,0.088592239364516,0.9730994152046781,0.9736842105263157,0.9799999999999999,0.9727272727272727,951.0
4,0.019913278730549332,0.5309734513274337,0.5092592592592593,0.5263157894736842,0.5357142857142857,0.28366188928484914,0.8773916510644199,0.8684210526315789,0.9749999999999999,0.8081318681318681,1361.0
