,train_loss,f1_score_test_yolo,accuracy_test_yolo,precision_test_yolo,recall_test_yolo,test_loss,test_f1,test_acc,test_prec,test_recall,time_duration
0,0.6822770861717348,0.4367816091954023,0.5462962962962963,0.3333333333333333,0.6333333333333333,0.6773464530706406,0.22668407980907984,0.5923913043478262,0.20833333333333331,0.2785714285714286,325.0
1,0.6833478784618816,0.6470588235294118,0.6666666666666666,0.5789473684210527,0.7333333333333333,0.6057523712515831,0.027777777777777776,0.6956521739130435,0.015625,0.875,379.0
2,0.6715662557960564,0.6470588235294118,0.6666666666666666,0.5789473684210527,0.7333333333333333,0.6267504245042801,0.21973859473859472,0.6521739130434783,0.18898809523809523,0.26458333333333334,875.0
3,0.6724164876568851,0.46153846153846156,0.5462962962962963,0.3684210526315789,0.6176470588235294,0.6213043630123138,0.027777777777777776,0.701086956521739,0.015625,1.0,752.0
4,0.6664621664578277,0.0,0.4722222222222222,0.0,0.0,0.674195297062397,0.0,0.6956521739130435,0.0,1.0,1248.0
