,train_loss,f1_score_test_yolo,accuracy_test_yolo,precision_test_yolo,recall_test_yolo,test_loss,test_f1,test_acc,test_prec,test_recall,time_duration
0,1.1228971065611626,0.6666666666666666,0.5092592592592593,0.9298245614035088,0.5196078431372549,0.9969836831092835,0.6267724867724866,0.45789473684210524,0.9899999999999999,0.4605263157894737,343.0
1,1.1078915458736998,0.6666666666666666,0.5092592592592593,0.9298245614035088,0.5196078431372549,1.029743480682373,0.629153439153439,0.4631578947368421,0.9899999999999999,0.4634674922600619,343.0
2,1.1043703620077916,0.6666666666666666,0.5092592592592593,0.9298245614035088,0.5196078431372549,1.0581667006015778,0.6267724867724866,0.45789473684210513,0.9899999999999999,0.46052631578947356,681.0
3,1.1128620225393657,0.6666666666666666,0.5092592592592593,0.9298245614035088,0.5196078431372549,1.0701925098896028,0.6213593813593813,0.4526315789473685,0.9774999999999999,0.4573099415204679,687.0
