,train_loss,f1_score_test_yolo,accuracy_test_yolo,precision_test_yolo,recall_test_yolo,test_loss,test_f1,test_acc,test_prec,test_recall,time_duration
0,0.811846956304368,0.0,0.4444444444444444,0.0,0.0,0.6640620152263539,0.1784722222222222,0.6684782608695652,0.12351190476190475,0.4041666666666667,328.0
1,0.8082122668317612,0.0,0.4444444444444444,0.0,0.0,0.6658411808311939,0.09823232323232323,0.6576086956521738,0.07142857142857142,0.29166666666666663,383.0
2,0.8051300469376012,0.14705882352941177,0.46296296296296297,0.08771929824561403,0.45454545454545453,0.6349150036340175,0.14545454545454548,0.6304347826086957,0.10788690476190475,0.2333333333333333,708.0
3,0.7545702941400396,0.14705882352941177,0.46296296296296297,0.08771929824561403,0.45454545454545453,0.6399737656440425,0.18503787878787875,0.6793478260869563,0.12351190476190477,0.4375,770.0
4,0.7517730624312501,0.14705882352941177,0.46296296296296297,0.08771929824561403,0.45454545454545453,0.6443760335121467,0.12601010101010102,0.6630434782608694,0.08705357142857142,0.29166666666666663,1088.0
