,train_loss,f1_score_test_yolo,accuracy_test_yolo,precision_test_yolo,recall_test_yolo,test_loss,test_f1,test_acc,test_prec,test_recall,time_duration
0,0.31815159679846583,0.5688073394495413,0.5648148148148148,0.543859649122807,0.5961538461538461,0.3752139825373888,0.7968354766148884,0.8532608695652175,0.8630952380952381,0.7639423076923079,324.0
1,0.2605666972363442,0.35294117647058826,0.49074074074074076,0.2631578947368421,0.5357142857142857,0.9784429054707289,0.5416735225558755,0.7119565217391304,0.6130952380952381,0.7599184782608694,378.0
2,0.19015729266974485,0.3409090909090909,0.46296296296296297,0.2631578947368421,0.4838709677419355,0.3368427325040102,0.7447934010434011,0.8695652173913043,0.6919642857142857,0.8946428571428571,697.0
3,0.13063170707941127,0.7183098591549296,0.6296296296296297,0.8947368421052632,0.6,0.20318294153548777,0.8576074660633484,0.9130434782608694,0.8660714285714286,0.8890873015873018,753.0
4,0.14321587648706685,0.6935483870967742,0.6481481481481481,0.7543859649122807,0.6417910447761194,0.26400385424494743,0.8904761904761905,0.9402173913043478,0.8504464285714286,0.96875,1075.0
