,train_loss,f1_score_test_yolo,accuracy_test_yolo,precision_test_yolo,recall_test_yolo,test_loss,test_f1,test_acc,test_prec,test_recall,time_duration
0,0.408010506253341,0.03125,0.42592592592592593,0.017543859649122806,0.14285714285714285,7.970979665611921,0.5366165083327555,0.7,0.46310606060606063,0.9366666666666665,343.0
1,0.34433770378430684,0.0,0.4722222222222222,0.0,0.0,107.56662617253237,0.6101890756302522,0.7684210526315788,0.5833333333333333,0.9615384615384613,349.0
2,0.2801992835350407,0.0,0.4722222222222222,0.0,0.0,38.10834624324953,0.5878333087621014,0.7789473684210525,0.5305050505050505,0.9732142857142856,690.0
3,0.26429868188945815,0.0,0.4722222222222222,0.0,0.0,23.672879312792343,0.7306746031746032,0.857894736842105,0.6778535353535353,0.9999999999999999,702.0
4,0.2269840453484647,0.031746031746031744,0.4351851851851852,0.017543859649122806,0.16666666666666666,0.6358827967392771,0.5047496816908582,0.6,0.6874999999999999,0.7065064622340164,1041.0
