,train_loss,f1_score_test_yolo,accuracy_test_yolo,precision_test_yolo,recall_test_yolo,test_loss,test_f1,test_acc,test_prec,test_recall,time_duration
0,0.6802211149224957,0.21212121212121213,0.5185185185185185,0.12280701754385964,0.7777777777777778,0.6812299072742461,0.4161338661338661,0.6,0.3290909090909091,0.6366666666666666,339.0
1,0.6849392352677782,0.21212121212121213,0.5185185185185185,0.12280701754385964,0.7777777777777778,0.6784151256084441,0.44342696776907303,0.6,0.3915909090909091,0.609469696969697,347.0
2,0.6640671846498696,0.21212121212121213,0.5185185185185185,0.12280701754385964,0.7777777777777778,0.6743651628494264,0.4699686613695902,0.6,0.42290404040404034,0.608080808080808,675.0
3,0.6803190248270371,0.21212121212121213,0.5185185185185185,0.12280701754385964,0.7777777777777778,0.674096930027008,0.48576698069732127,0.6157894736842104,0.4354040404040404,0.6353030303030304,689.0
4,0.6613525833609035,0.21212121212121213,0.5185185185185185,0.12280701754385964,0.7777777777777778,0.6672936022281647,0.5028408871829925,0.6210526315789473,0.4576262626262626,0.6394696969696969,1021.0
