,train_loss,f1_score_test_yolo,accuracy_test_yolo,precision_test_yolo,recall_test_yolo,test_loss,test_f1,test_acc,test_prec,test_recall,time_duration
0,0.9013893498691135,0.42105263157894735,0.49074074074074076,0.3508771929824561,0.5263157894736842,0.9751661066775736,0.43496275595413525,0.34239130434782605,0.8392857142857143,0.2953295881749829,329.0
1,0.8923647461736073,0.46153846153846156,0.4166666666666667,0.47368421052631576,0.45,0.870033527198045,0.4033148604269294,0.27173913043478265,0.8162202380952381,0.26856060606060606,377.0
2,0.8289697370621429,0.46153846153846156,0.4166666666666667,0.47368421052631576,0.45,0.8906692535333012,0.44276546250684184,0.34782608695652173,0.8549107142857144,0.30035862829980475,714.0
3,0.8231889357589897,0.46153846153846156,0.4166666666666667,0.47368421052631576,0.45,0.8896106504227803,0.43285144134282066,0.33695652173913043,0.8392857142857143,0.2935438738892686,755.0
4,0.8201038791305929,0.46153846153846156,0.4166666666666667,0.47368421052631576,0.45,0.8812299684985824,0.43683292282430214,0.34782608695652173,0.8392857142857142,0.2970891955266955,1098.0
