,train_loss,f1_score_test_yolo,accuracy_test_yolo,precision_test_yolo,recall_test_yolo,test_loss,test_f1,test_acc,test_prec,test_recall,time_duration
0,1.0217187420128335,0.6909090909090909,0.5277777777777778,1.0,0.5277777777777778,1.2264170348644257,0.46581386725991847,0.3043478260869565,1.0,0.3043478260869565,328.0
1,1.0159804910024968,0.6909090909090909,0.5277777777777778,1.0,0.5277777777777778,0.8263493254780769,0.46581386725991847,0.30434782608695654,1.0,0.30434782608695654,377.0
2,0.8155954801978627,0.6909090909090909,0.5277777777777778,1.0,0.5277777777777778,0.7486362978816032,0.46581386725991847,0.30434782608695654,1.0,0.30434782608695654,703.0
3,0.7696463272534085,0.6909090909090909,0.5277777777777778,1.0,0.5277777777777778,0.7739385589957237,0.4784277504105091,0.34782608695652173,0.984375,0.31713485789572743,756.0
4,0.7672821603706411,0.6909090909090909,0.5277777777777778,1.0,0.5277777777777778,0.8337282612919807,0.467825361512792,0.3097826086956522,1.0,0.3060770750988142,1072.0
