,train_loss,f1_score_test_yolo,accuracy_test_yolo,precision_test_yolo,recall_test_yolo,test_loss,test_f1,test_acc,test_prec,test_recall,time_duration
0,0.8986651497660769,0.0,0.4722222222222222,0.0,0.0,0.756689116358757,0.0,0.6956521739130432,0.0,1.0,270.0
1,0.8895501304854794,0.0,0.4722222222222222,0.0,0.0,0.7328893020749092,0.0,0.6956521739130433,0.0,1.0,277.0
2,0.9021332506112926,0.0,0.4722222222222222,0.0,0.0,0.7296179011464119,0.0,0.6956521739130435,0.0,1.0,542.0
3,0.8814290052609063,0.0,0.4722222222222222,0.0,0.0,0.7269084751605988,0.0,0.6956521739130435,0.0,1.0,558.0
4,0.8922048068392521,0.0,0.4722222222222222,0.0,0.0,0.7249695807695389,0.0,0.6902173913043479,0.0,0.875,819.0
