,train_loss,f1_score_test_yolo,accuracy_test_yolo,precision_test_yolo,recall_test_yolo,test_loss,test_f1,test_acc,test_prec,test_recall,time_duration
0,1.6091602848824655,0.0,0.4722222222222222,0.0,0.0,0.7585942007993397,0.0,0.5368421052631579,0.0,0.9999999999999999,409.0
1,0.9554146266026982,0.0,0.4722222222222222,0.0,0.0,0.7199429979449824,0.0,0.5368421052631579,0.0,0.9999999999999999,472.0
2,0.8330702306612314,0.15384615384615385,0.49074074074074076,0.08771929824561403,0.625,0.6963384403994208,0.0,0.5368421052631579,0.0,0.9999999999999999,885.0
3,0.827769280149086,0.0,0.4722222222222222,0.0,0.0,0.7152376124733372,0.24206349206349206,0.4842105263157894,0.39999999999999997,0.7736842105263156,949.0
4,0.8650788581270038,0.0,0.4722222222222222,0.0,0.0,0.6980687037894601,0.3204232804232804,0.5105263157894736,0.49999999999999994,0.7368421052631577,1356.0
