,train_loss,f1_score_test_yolo,accuracy_test_yolo,precision_test_yolo,recall_test_yolo,test_loss,test_f1,test_acc,test_prec,test_recall,time_duration
0,0.7306238831422927,0.0,0.4722222222222222,0.0,0.0,0.5889794006943703,0.0,0.6956521739130435,0.0,1.0,330.0
1,0.6942596215182666,0.0,0.4722222222222222,0.0,0.0,0.5687219351530075,0.0,0.6956521739130435,0.0,1.0,379.0
2,0.6574183613097941,0.15873015873015872,0.5092592592592593,0.08771929824561403,0.8333333333333334,0.6512440741062164,0.1111111111111111,0.701086956521739,0.06696428571428571,0.625,710.0
3,0.6042908930468589,0.15873015873015872,0.5092592592592593,0.08771929824561403,0.8333333333333334,0.5297064259648323,0.18392857142857144,0.7282608695652173,0.10863095238095237,1.0,761.0
4,0.5777811052721386,0.0,0.4722222222222222,0.0,0.0,0.6572244018316269,0.11180555555555556,0.6902173913043477,0.06696428571428571,0.625,1087.0
