,train_loss,f1_score_test_yolo,accuracy_test_yolo,precision_test_yolo,recall_test_yolo,test_loss,test_f1,test_acc,test_prec,test_recall,time_duration
0,0.06078140355221121,0.27848101265822783,0.4722222222222222,0.19298245614035087,0.5,0.2235805630683899,0.8955182072829132,0.9105263157894735,0.8362626262626263,0.9777777777777776,345.0
1,0.03366373777661115,0.2,0.48148148148148145,0.12280701754385964,0.5384615384615384,0.17428444027900694,0.9113795518207283,0.9263157894736841,0.851540404040404,0.9999999999999999,347.0
2,0.020722026600461744,0.29333333333333333,0.5092592592592593,0.19298245614035087,0.6111111111111112,0.07626502709463237,0.9782446311858075,0.9789473684210525,0.9597979797979798,0.9999999999999999,694.0
3,0.017679022338642013,0.4946236559139785,0.5648148148148148,0.40350877192982454,0.6388888888888888,0.028241653693839904,0.994736842105263,0.994736842105263,0.9899999999999999,0.9999999999999999,690.0
4,0.018964828902293784,0.4235294117647059,0.5462962962962963,0.3157894736842105,0.6428571428571429,0.029671216261340304,0.994736842105263,0.994736842105263,0.9899999999999999,0.9999999999999999,1038.0
