,train_loss,f1_score_test_yolo,accuracy_test_yolo,precision_test_yolo,recall_test_yolo,test_loss,test_f1,test_acc,test_prec,test_recall,time_duration
0,1.2356687647842086,0.0,0.4722222222222222,0.0,0.0,2.403705352544785,0.059259259259259255,0.5210526315789473,0.09999999999999999,0.9421052631578947,402.0
1,0.9566514909773774,0.0,0.4722222222222222,0.0,0.0,0.6956574440002441,0.06896551724137931,0.5421052631578948,0.09999999999999999,0.9526315789473683,468.0
2,0.9988320740391907,0.0,0.4722222222222222,0.0,0.0,0.6927984178066254,0.0,0.5368421052631579,0.0,0.9999999999999999,879.0
3,1.0650049061740485,0.0,0.4722222222222222,0.0,0.0,0.6957119762897492,0.0,0.5368421052631579,0.0,0.9999999999999999,939.0
4,0.8807915330150174,0.0,0.4722222222222222,0.0,0.0,0.6910312294960023,0.0,0.5368421052631579,0.0,0.9999999999999999,1354.0
