,train_loss,f1_score_test_yolo,accuracy_test_yolo,precision_test_yolo,recall_test_yolo,test_loss,test_f1,test_acc,test_prec,test_recall,time_duration
0,0.88752229088307,0.5454545454545454,0.49074074074074076,0.5789473684210527,0.515625,0.9972573227208593,0.411005291005291,0.3369565217391304,0.7656250000000001,0.28210323603125464,330.0
1,0.8882810790925101,0.5454545454545454,0.49074074074074076,0.5789473684210527,0.515625,1.0173098474093105,0.42537626333353473,0.33152173913043476,0.8191964285714286,0.2883452783027086,381.0
2,0.8917928338050841,0.5454545454545454,0.49074074074074076,0.5789473684210527,0.515625,1.0155903463778286,0.41810113105840235,0.3260869565217391,0.8013392857142858,0.2838809925884229,715.0
3,0.8916007054039473,0.36363636363636365,0.5462962962962963,0.24561403508771928,0.7,0.7640840223302012,0.46581386725991847,0.3043478260869565,1.0,0.3043478260869565,757.0
4,0.7777481076218629,0.36363636363636365,0.5462962962962963,0.24561403508771928,0.7,0.8499074186319892,0.4213467088467089,0.32608695652173914,0.8147321428571428,0.28488515322396896,1092.0
