,train_loss,f1_score_test_yolo,accuracy_test_yolo,precision_test_yolo,recall_test_yolo,test_loss,test_f1,test_acc,test_prec,test_recall,time_duration
0,0.06254671481483191,0.2962962962962963,0.4722222222222222,0.21052631578947367,0.5,0.23271815219134284,0.9280555555555556,0.9368421052631576,0.8798737373737372,0.9874999999999998,346.0
1,0.07401067414800777,0.3157894736842105,0.5185185185185185,0.21052631578947367,0.631578947368421,0.12242529383725732,0.9546680426556586,0.957894736842105,0.9291161616161615,0.9888888888888887,353.0
2,0.038397177608539036,0.3076923076923077,0.5,0.21052631578947367,0.5714285714285714,0.08686835870030338,0.9729721362229101,0.9736842105263156,0.9607070707070706,0.9888888888888888,699.0
3,0.05477424169292631,0.4418604651162791,0.5555555555555556,0.3333333333333333,0.6551724137931034,0.1544700037492332,0.9560224089635853,0.9473684210526314,0.9888888888888888,0.9409090909090908,707.0
4,0.04880343166707497,0.3157894736842105,0.5185185185185185,0.21052631578947367,0.631578947368421,0.0826648905248332,0.9730065359477122,0.9736842105263156,0.9707070707070706,0.9799999999999999,1046.0
