,train_loss,f1_score_test_yolo,accuracy_test_yolo,precision_test_yolo,recall_test_yolo,test_loss,test_f1,test_acc,test_prec,test_recall,time_duration
0,1.137904515397592,0.0,0.4722222222222222,0.0,0.0,0.7385310441579508,0.18118279569892476,0.5597826086956521,0.375,0.7445652173913044,330.0
1,0.9508562441172017,0.0,0.4722222222222222,0.0,0.0,0.6433200492807056,0.0,0.6956521739130435,0.0,1.0,384.0
2,0.8145314520979446,0.0,0.4722222222222222,0.0,0.0,0.6605939661031184,0.0,0.6956521739130435,0.0,1.0,712.0
3,0.7745000366504421,0.0,0.4722222222222222,0.0,0.0,0.679937272939993,0.05833333333333334,0.6467391304347825,0.125,0.9130434782608696,772.0
4,0.778141229732149,0.0,0.4722222222222222,0.0,0.0,0.6627894711235295,0.0,0.6956521739130435,0.0,1.0,1096.0
