,train_loss,f1_score_test_yolo,accuracy_test_yolo,precision_test_yolo,recall_test_yolo,test_loss,test_f1,test_acc,test_prec,test_recall,time_duration
0,1.053349622751324,0.6909090909090909,0.5277777777777778,1.0,0.5277777777777778,24357612953.957855,0.31605546433132636,0.49999999999999994,0.49999999999999994,0.7315789473684211,340.0
1,1.2829363550561848,0.0,0.4722222222222222,0.0,0.0,8703159850561.43,0.0,0.5368421052631579,0.0,0.9999999999999999,342.0
2,0.8771825735864129,0.0,0.4722222222222222,0.0,0.0,99.78528134603249,0.0,0.5368421052631579,0.0,0.9999999999999999,683.0
3,0.8214772662274468,0.0,0.4722222222222222,0.0,0.0,8.42568307079767,0.0,0.5368421052631579,0.0,0.9999999999999999,692.0
4,0.7644981470252529,0.0,0.4722222222222222,0.0,0.0,0.7001381801931481,0.0,0.5368421052631579,0.0,0.9999999999999999,1030.0
