,train_loss,f1_score_test_yolo,accuracy_test_yolo,precision_test_yolo,recall_test_yolo,test_loss,test_f1,test_acc,test_prec,test_recall,time_duration
0,0.6120711068252266,0.6829268292682927,0.5185185185185185,0.9824561403508771,0.5233644859813084,0.6170710027217865,0.6270374800637959,0.657608695652174,0.9308035714285714,0.47530716832187425,329.0
1,0.39948600418910724,0.0,0.4722222222222222,0.0,0.0,0.6665345132350922,0.0,0.6956521739130432,0.0,1.0,376.0
2,0.38924479601677264,0.0,0.4722222222222222,0.0,0.0,0.7078295797109604,0.46783819628647216,0.34782608695652173,0.9486607142857143,0.3116908501490881,706.0
3,0.2828768104260749,0.0,0.4722222222222222,0.0,0.0,0.6879717856645584,0.5472332156571287,0.5271739130434782,0.9308035714285714,0.3916467304625199,755.0
4,0.24324669861015127,0.0,0.4722222222222222,0.0,0.0,0.4030527360737324,0.8314504123327654,0.8967391304347826,0.7961309523809524,0.8936011904761905,1084.0
