,train_loss,f1_score_test_yolo,accuracy_test_yolo,precision_test_yolo,recall_test_yolo,test_loss,test_f1,test_acc,test_prec,test_recall,time_duration
0,0.056139476181198245,0.5862068965517241,0.5555555555555556,0.5964912280701754,0.576271186440678,0.4887544773519039,0.6655344655344655,0.7608695652173914,0.7604166666666666,0.6220508658008659,323.0
1,0.027164365305422277,0.5932203389830508,0.5555555555555556,0.6140350877192983,0.5737704918032787,0.17700612358748913,0.8906510156510158,0.9402173913043478,0.8139880952380953,1.0,373.0
2,0.024008385634653386,0.5636363636363636,0.5555555555555556,0.543859649122807,0.5849056603773585,0.06976047880016267,0.9516941391941393,0.9728260869565217,0.9151785714285714,1.0,698.0
3,0.015216393337417235,0.5625,0.48148148148148145,0.631578947368421,0.5070422535211268,1.1170415133237839,0.5339673913043478,0.46739130434782605,0.984375,0.3700224690198526,748.0
4,0.009330339605346809,0.6829268292682927,0.5185185185185185,0.9824561403508771,0.5233644859813084,0.09925221931189299,0.9520833333333334,0.967391304347826,1.0,0.91875,1073.0
