,train_loss,f1_score_test_yolo,accuracy_test_yolo,precision_test_yolo,recall_test_yolo,test_loss,test_f1,test_acc,test_prec,test_recall,time_duration
0,0.7084660516346543,0.65,0.48148148148148145,0.9122807017543859,0.5048543689320388,0.7511231914946908,0.5382172030867682,0.4789473684210527,0.6751010101010101,0.4669364459070341,342.0
1,0.7196317521258465,0.65,0.48148148148148145,0.9122807017543859,0.5048543689320388,0.7434676189171641,0.46970651460084756,0.46315789473684216,0.5251010101010102,0.45424436674436675,347.0
2,0.7236192542901161,0.65,0.48148148148148145,0.9122807017543859,0.5048543689320388,0.7404954521279588,0.4694417862838915,0.4684210526315789,0.5173989898989898,0.45901515151515154,687.0
3,0.7109150731013816,0.65,0.48148148148148145,0.9122807017543859,0.5048543689320388,0.7357856319138878,0.45359155464418616,0.45789473684210524,0.4923989898989899,0.4478962703962704,694.0
4,0.7118109438636087,0.65,0.48148148148148145,0.9122807017543859,0.5048543689320388,0.7318182280189112,0.42252317857581007,0.4578947368421053,0.43545454545454537,0.4451798201798202,1035.0
