,train_loss,f1_score_test_yolo,accuracy_test_yolo,precision_test_yolo,recall_test_yolo,test_loss,test_f1,test_acc,test_prec,test_recall,time_duration
0,0.3852966804491374,0.12903225806451613,0.5,0.07017543859649122,0.8,0.5755682682520464,0.4028104575163398,0.668421052631579,0.28648989898989896,0.9999999999999999,415.0
1,0.2734532281756401,0.0,0.4722222222222222,0.0,0.0,0.6632994767866637,0.08111111111111112,0.5578947368421052,0.045202020202020195,0.9999999999999999,482.0
2,0.25663708038266425,0.0,0.4722222222222222,0.0,0.0,0.6730881678430658,0.4896137849079025,0.6736842105263158,0.461489898989899,0.8257936507936507,890.0
3,0.24810068028101936,0.0,0.4722222222222222,0.0,0.0,0.5931292951107024,0.7992720660832116,0.7789473684210525,0.9422979797979797,0.7032933732933732,949.0
4,0.21675093188990377,0.0,0.4722222222222222,0.0,0.0,0.5140202409342716,0.8412356726894349,0.8315789473684211,0.9649999999999999,0.7496897546897546,1361.0
