,train_loss,f1_score_test_yolo,accuracy_test_yolo,precision_test_yolo,recall_test_yolo,test_loss,test_f1,test_acc,test_prec,test_recall,time_duration
0,0.47061551360354653,0.24324324324324326,0.48148148148148145,0.15789473684210525,0.5294117647058824,1.2275464452367941,0.78761002155739,0.8368421052631577,0.7307828282828284,0.9268506493506493,412.0
1,0.3288988174522494,0.17391304347826086,0.4722222222222222,0.10526315789473684,0.5,0.8784826636314392,0.6029073161831783,0.5210526315789473,0.8875,0.5757894736842105,479.0
2,0.3234246262186433,0.0,0.4722222222222222,0.0,0.0,0.7307685077190399,0.5143147235905856,0.4947368421052631,0.7999999999999999,0.5807430340557276,887.0
3,0.26759422215230727,0.0,0.4722222222222222,0.0,0.0,0.7328285098075866,0.37301587301587297,0.47894736842105257,0.6,0.6710526315789473,954.0
4,0.31907474814159165,0.6909090909090909,0.5277777777777778,1.0,0.5277777777777778,0.6835713386535645,0.5305799755799756,0.5368421052631579,0.7599999999999999,0.6406604747162022,1367.0
