,train_loss,f1_score_test_yolo,accuracy_test_yolo,precision_test_yolo,recall_test_yolo,test_loss,test_f1,test_acc,test_prec,test_recall,time_duration
0,0.38449141790737734,0.19718309859154928,0.4722222222222222,0.12280701754385964,0.5,8.882334994995471,0.6508910533910534,0.7789473684210525,0.5246969696969697,0.9999999999999999,344.0
1,0.42986161398330647,0.0,0.4722222222222222,0.0,0.0,27.54564448595047,0.39665032679738554,0.6842105263157895,0.36641414141414136,0.9555555555555554,344.0
2,0.2292975025104754,0.0,0.4537037037037037,0.0,0.0,2.781485568359494,0.7936300309597523,0.8473684210526315,0.8075757575757575,0.9002525252525251,692.0
3,0.2388224329718036,0.1917808219178082,0.4537037037037037,0.12280701754385964,0.4375,0.8095556259155273,0.6927567802567801,0.5894736842105263,0.9474999999999999,0.5887364243943191,688.0
4,0.19922933679580399,0.6474820143884892,0.5462962962962963,0.7894736842105263,0.5487804878048781,0.6146463885903359,0.7947559777534201,0.7578947368421052,0.9574999999999998,0.7042964929807035,1033.0
