,train_loss,f1_score_test_yolo,accuracy_test_yolo,precision_test_yolo,recall_test_yolo,test_loss,test_f1,test_acc,test_prec,test_recall,time_duration
0,1.2220056671401467,0.0,0.4722222222222222,0.0,0.0,1.0517177358269691,0.0,0.6956521739130433,0.0,1.0,337.0
1,1.0218611392389618,0.6871165644171779,0.5277777777777778,0.9824561403508771,0.5283018867924528,0.6659105271100998,0.06451612903225806,0.657608695652174,0.125,0.9184782608695652,375.0
2,0.8925583387805012,0.0,0.4722222222222222,0.0,0.0,0.6771901398897171,0.05833333333333334,0.6467391304347825,0.125,0.9130434782608696,711.0
3,0.821238792108365,0.0,0.4722222222222222,0.0,0.0,0.6595208197832108,0.0,0.6956521739130435,0.0,1.0,748.0
4,0.7619733985202632,0.0,0.4722222222222222,0.0,0.0,0.6567143127322197,0.0,0.6956521739130433,0.0,1.0,1091.0
