,train_loss,f1_score_test_yolo,accuracy_test_yolo,precision_test_yolo,recall_test_yolo,test_loss,test_f1,test_acc,test_prec,test_recall,time_duration
0,0.803708693573197,0.2857142857142857,0.3055555555555556,0.2631578947368421,0.3125,0.7216701940486305,0.6092368108502177,0.5526315789473684,0.7570202020202019,0.5198128342245989,415.0
1,0.7511685254793723,0.28,0.3333333333333333,0.24561403508771928,0.32558139534883723,0.6811971981274455,0.6645475536712581,0.6157894736842104,0.8239646464646465,0.5655772005772007,484.0
2,0.7137958720615767,0.0,0.4722222222222222,0.0,0.0,0.7216691715152641,0.0,0.5368421052631579,0.0,0.9999999999999999,905.0
3,0.6623184521438427,0.0,0.4722222222222222,0.0,0.0,0.6892481292548933,0.07538461538461538,0.5210526315789474,0.04381313131313132,0.6,968.0
4,0.6360727708099536,0.0,0.4722222222222222,0.0,0.0,0.6060243521866044,0.7344609780671161,0.7157894736842105,0.8500757575757576,0.6533721833721833,1374.0
