,train_loss,f1_score_test_yolo,accuracy_test_yolo,precision_test_yolo,recall_test_yolo,test_loss,test_f1,test_acc,test_prec,test_recall,time_duration
0,0.7565940051263081,0.589041095890411,0.4444444444444444,0.7543859649122807,0.48314606741573035,0.7616776934136515,0.5240879076902554,0.46195652173913043,0.7202380952380952,0.41332712022367196,224.0
1,0.738855449036305,0.593103448275862,0.4537037037037037,0.7543859649122807,0.48863636363636365,0.7776450521272162,0.5105700073939639,0.3967391304347826,0.7757936507936508,0.3815329752829753,254.0
2,0.7193371715539888,0.593103448275862,0.4537037037037037,0.7543859649122807,0.48863636363636365,0.7593728874040686,0.5299456857775323,0.42391304347826086,0.8035714285714286,0.39678719155612613,579.0
3,0.7028355663315705,0.5972222222222222,0.46296296296296297,0.7543859649122807,0.4942528735632184,0.7424870424944421,0.5615425563376115,0.46739130434782605,0.8432539682539683,0.42195945945945945,691.0
4,0.6889296908309495,0.5915492957746479,0.46296296296296297,0.7368421052631579,0.49411764705882355,0.7268842426331148,0.5769678206210713,0.5,0.8432539682539683,0.4404436316201022,1165.0
