,train_loss,f1_score_test_yolo,accuracy_test_yolo,precision_test_yolo,recall_test_yolo,test_loss,test_f1,test_acc,test_prec,test_recall,time_duration
0,0.7236127112479711,0.5909090909090909,0.5,0.6842105263157895,0.52,0.7480919056612512,0.5444320547130539,0.41847826086956524,0.8531746031746033,0.40113122863443784,204.0
1,0.7092821747244774,0.5909090909090909,0.5,0.6842105263157895,0.52,0.7424656398918317,0.5396966993755575,0.42391304347826086,0.8273809523809523,0.4021393579320409,236.0
2,0.7112481093176042,0.5909090909090909,0.5,0.6842105263157895,0.52,0.7321700855441716,0.5614899317258664,0.4565217391304348,0.8551587301587302,0.41947255960413854,439.0
3,0.7076010368178804,0.5909090909090909,0.5,0.6842105263157895,0.52,0.7291133572225985,0.5600791752107541,0.4619565217391305,0.8412698412698414,0.4214978714978715,447.0
4,0.70775650549626,0.5909090909090909,0.5,0.6842105263157895,0.52,0.7241807288449744,0.5716108452950558,0.4782608695652174,0.8551587301587302,0.4314795564795565,666.0
