,train_loss,f1_score_test_yolo,accuracy_test_yolo,precision_test_yolo,recall_test_yolo,test_loss,test_f1,test_acc,test_prec,test_recall,time_duration
0,0.7459286585234213,0.6218487394957983,0.5833333333333334,0.6491228070175439,0.5967741935483871,0.7656055889699771,0.48574805266929644,0.4510869565217391,0.6686507936507936,0.39146570439476613,1329.0
1,0.7194384270164093,0.6153846153846154,0.5833333333333334,0.631578947368421,0.6,0.7252410455890324,0.47686335403726704,0.4891304347826087,0.5873015873015873,0.411866028708134,1099.0
2,0.7086042722930079,0.6153846153846154,0.5833333333333334,0.631578947368421,0.6,0.7135746517907019,0.49752736236259854,0.5054347826086957,0.6130952380952381,0.4274383078730905,2355.0
3,0.7007765253192713,0.603448275862069,0.5740740740740741,0.6140350877192983,0.5932203389830508,0.6995267822690632,0.5061991869918699,0.5217391304347826,0.6130952380952381,0.44067028985507245,2002.0
4,0.6781012742773385,0.5789473684210527,0.5555555555555556,0.5789473684210527,0.5789473684210527,0.6629889231661092,0.5076119786646103,0.5652173913043478,0.5575396825396826,0.4669642857142857,3229.0
