,train_loss,f1_score_test_yolo,accuracy_test_yolo,precision_test_yolo,recall_test_yolo,test_loss,test_f1,test_acc,test_prec,test_recall,time_duration
0,0.6928572045720143,0.6071428571428571,0.5925925925925926,0.5964912280701754,0.6181818181818182,0.6996914368608724,0.19232954545454545,0.5489130434782609,0.1468253968253968,0.3181818181818182,557.0
1,0.6938228024825219,0.6071428571428571,0.5925925925925926,0.5964912280701754,0.6181818181818182,0.6985617986191874,0.2287878787878788,0.532608695652174,0.1884920634920635,0.2916666666666667,716.0
2,0.6870818360829152,0.6071428571428571,0.5925925925925926,0.5964912280701754,0.6181818181818182,0.6983817608460136,0.24516129032258063,0.5489130434782609,0.20436507936507936,0.3096153846153846,1193.0
3,0.6917256606965716,0.6071428571428571,0.5925925925925926,0.5964912280701754,0.6181818181818182,0.6991040706634521,0.30576735092864127,0.5271739130434783,0.2599206349206349,0.3762820512820513,1342.0
4,0.6893774118215891,0.6071428571428571,0.5925925925925926,0.5964912280701754,0.6181818181818182,0.7013853179371876,0.31988618394571905,0.5217391304347826,0.2876984126984127,0.36666666666666664,1748.0
