,train_loss,f1_score_test_yolo,accuracy_test_yolo,precision_test_yolo,recall_test_yolo,test_loss,test_f1,test_acc,test_prec,test_recall,time_duration
0,0.2534856470718421,0.5192307692307693,0.5370370370370371,0.47368421052631576,0.574468085106383,0.6611575578217921,0.4929924242424243,0.7282608695652174,0.505952380952381,0.8785087719298246,951.0
1,0.2162998381916528,0.11940298507462686,0.4537037037037037,0.07017543859649122,0.4,0.4897826780443607,0.38824884792626724,0.7173913043478262,0.3194444444444444,1.0,1164.0
2,0.15119883991066171,0.37037037037037035,0.5277777777777778,0.2631578947368421,0.625,0.2964570518664044,0.8613554384017758,0.8641304347826086,0.8928571428571428,0.8785714285714286,2109.0
3,0.15727929279918781,0.5769230769230769,0.5925925925925926,0.5263157894736842,0.6382978723404256,0.15829839318504801,0.9135369532428356,0.9293478260869564,0.9087301587301588,0.9235980576441103,2475.0
4,0.1239398988042626,0.6909090909090909,0.5277777777777778,1.0,0.5277777777777778,0.1599700499741037,0.9296992481203008,0.9456521739130435,0.9305555555555556,0.9308823529411765,3276.0
