,train_loss,f1_score_test_yolo,accuracy_test_yolo,precision_test_yolo,recall_test_yolo,test_loss,test_f1,test_acc,test_prec,test_recall,time_duration
0,0.9009585291183269,0.0,0.4722222222222222,0.0,0.0,1.0828462361514162e+16,0.140625,0.5380434782608696,0.25,0.8478260869565217,497.0
1,1.1595904721763464,0.0,0.4722222222222222,0.0,0.0,9.593259986481088e+20,0.0,0.5923913043478262,0.0,1.0,266.0
2,0.7008451351509002,0.0,0.4722222222222222,0.0,0.0,0.6811622154453526,0.0,0.5923913043478262,0.0,1.0,834.0
3,0.6621389736431542,0.0,0.4722222222222222,0.0,0.0,0.6673740530791489,0.0,0.5923913043478262,0.0,1.0,591.0
4,0.654790027830592,0.0,0.4722222222222222,0.0,0.0,0.9396247394059014,0.0,0.5923913043478262,0.0,1.0,1437.0
