,train_loss,f1_score_test_yolo,accuracy_test_yolo,precision_test_yolo,recall_test_yolo,test_loss,test_f1,test_acc,test_prec,test_recall,time_duration
0,0.7272496070838781,0.4791666666666667,0.5370370370370371,0.40350877192982454,0.5897435897435898,0.678562523878139,0.29102728047740833,0.5706521739130435,0.24603174603174605,0.48541666666666666,781.0
1,0.7347222004432632,0.4791666666666667,0.5370370370370371,0.40350877192982454,0.5897435897435898,0.6754313512988712,0.20992083790037752,0.5597826086956522,0.1468253968253968,0.5166666666666666,875.0
2,0.6992287414538096,0.4791666666666667,0.5370370370370371,0.40350877192982454,0.5897435897435898,0.657249497330707,0.17011904761904761,0.6032608695652174,0.10515873015873015,0.47916666666666663,1330.0
3,0.7069935713495528,0.46808510638297873,0.5370370370370371,0.38596491228070173,0.5945945945945946,0.6477484897426937,0.15178571428571427,0.5978260869565217,0.09325396825396824,0.45833333333333326,1292.0
4,0.6967766007124367,0.45161290322580644,0.5277777777777778,0.3684210526315789,0.5833333333333334,0.6389688817055329,0.15746753246753245,0.6086956521739131,0.09325396825396826,0.5208333333333333,1897.0
