,train_loss,f1_score_test_yolo,accuracy_test_yolo,precision_test_yolo,recall_test_yolo,test_loss,test_f1,test_acc,test_prec,test_recall,time_duration
0,1.1423640706874791,0.6829268292682927,0.5185185185185185,0.9824561403508771,0.5233644859813084,1.118274965725447,0.6120326723085343,0.4473684210526315,0.9513888888888888,0.4525455796353629,417.0
1,1.146522846136206,0.6829268292682927,0.5185185185185185,0.9824561403508771,0.5233644859813084,0.8637494294266952,0.6314522897281517,0.463157894736842,0.9999999999999999,0.463157894736842,475.0
2,1.0371943724531572,0.6909090909090909,0.5277777777777778,1.0,0.5277777777777778,0.800919149737609,0.6314522897281517,0.463157894736842,0.9999999999999999,0.463157894736842,900.0
3,0.9470735632461831,0.6909090909090909,0.5277777777777778,1.0,0.5277777777777778,0.7735341109727559,0.6314522897281517,0.463157894736842,0.9999999999999999,0.463157894736842,955.0
4,0.8839306525741387,0.6909090909090909,0.5277777777777778,1.0,0.5277777777777778,0.7240464458340092,0.6314522897281517,0.46315789473684216,0.9999999999999999,0.46315789473684216,1380.0
