,train_loss,f1_score_test_yolo,accuracy_test_yolo,precision_test_yolo,recall_test_yolo,test_loss,test_f1,test_acc,test_prec,test_recall,time_duration
0,0.8452977442987336,0.6918238993710691,0.5462962962962963,0.9649122807017544,0.5392156862745098,0.8985763132572173,0.6076676045371697,0.47368421052631576,0.8891161616161616,0.46484391124871,413.0
1,0.8396433552781355,0.5964912280701754,0.5740740740740741,0.5964912280701754,0.5964912280701754,0.6764637768268584,0.4915546218487395,0.5631578947368421,0.4753282828282829,0.5586358086358086,474.0
2,0.8032494593881867,0.03389830508474576,0.4722222222222222,0.017543859649122806,0.5,0.6812807202339172,0.1601010101010101,0.5157894736842106,0.10694444444444444,0.45833333333333326,1109.0
3,0.7705530580675717,0.03389830508474576,0.4722222222222222,0.017543859649122806,0.5,0.7331383168697357,0.5575870216739782,0.4473684210526316,0.7689898989898989,0.4440398980104862,1174.0
4,0.7667276465415377,0.03389830508474576,0.4722222222222222,0.017543859649122806,0.5,0.7801130771636963,0.5857501017501018,0.463157894736842,0.8318939393939393,0.45692679568453565,1583.0
