,train_loss,f1_score_test_yolo,accuracy_test_yolo,precision_test_yolo,recall_test_yolo,test_loss,test_f1,test_acc,test_prec,test_recall,time_duration
0,0.6461975099609314,0.42424242424242425,0.4722222222222222,0.3684210526315789,0.5,0.6758099966927579,0.4816873915558126,0.5736842105263158,0.4306565656565656,0.5689466089466089,419.0
1,0.6543842557528355,0.42424242424242425,0.4722222222222222,0.3684210526315789,0.5,0.6554984293485943,0.5939192343604108,0.6631578947368421,0.5496212121212121,0.6609126984126984,481.0
2,0.6500334221761203,0.03333333333333333,0.46296296296296297,0.017543859649122806,0.3333333333333333,0.6773401498794556,0.4543018084426753,0.5421052631578946,0.42497474747474745,0.49821428571428567,899.0
3,0.6529289712604966,0.14492753623188406,0.4537037037037037,0.08771929824561403,0.4166666666666667,0.6792659163475037,0.4766316526610644,0.5578947368421052,0.44176767676767675,0.5236111111111111,971.0
4,0.6553070961127003,0.14492753623188406,0.4537037037037037,0.08771929824561403,0.4166666666666667,0.660607953604899,0.576423534326011,0.6526315789473683,0.5462121212121211,0.642063492063492,1377.0
