,train_loss,f1_score_test_yolo,accuracy_test_yolo,precision_test_yolo,recall_test_yolo,test_loss,test_f1,test_acc,test_prec,test_recall,time_duration
0,0.9585777936778404,0.6493506493506493,0.5,0.8771929824561403,0.5154639175257731,0.9124479092981505,0.5882150944419585,0.44565217391304346,0.9742063492063493,0.4217507298902648,671.0
1,0.953036590941593,0.6493506493506493,0.5,0.8771929824561403,0.5154639175257731,0.9171943282303603,0.5882150944419586,0.44565217391304346,0.9742063492063493,0.4217507298902648,708.0
2,0.9619544490793451,0.6493506493506493,0.5,0.8771929824561403,0.5154639175257731,0.9170996209849481,0.5746327514877989,0.44021739130434784,0.9325396825396826,0.41563184877138365,986.0
3,0.9331207139172029,0.6493506493506493,0.5,0.8771929824561403,0.5154639175257731,0.8880191963651907,0.5715802484352959,0.44021739130434784,0.9206349206349207,0.4150907232302581,1086.0
4,0.9482875330848879,0.6493506493506493,0.5,0.8771929824561403,0.5154639175257731,0.8892892715723617,0.5715802484352959,0.44021739130434784,0.9206349206349206,0.4150907232302581,1342.0
