,train_loss,f1_score_test_yolo,accuracy_test_yolo,precision_test_yolo,recall_test_yolo,test_loss,test_f1,test_acc,test_prec,test_recall,time_duration
0,0.569314277345274,0.208955223880597,0.5092592592592593,0.12280701754385964,0.7,0.6019013867430065,0.5494091929575801,0.6793478260869565,0.4702380952380952,0.734241452991453,525.0
1,0.4715312838266089,0.15384615384615385,0.49074074074074076,0.08771929824561403,0.625,0.5149740171821221,0.7045112781954888,0.782608695652174,0.6626984126984127,0.8051470588235293,469.0
2,0.41177138167252125,0.06451612903225806,0.46296296296296297,0.03508771929824561,0.4,0.45073582588330563,0.8176709708273553,0.8369565217391305,0.8293650793650794,0.8232638888888888,1122.0
3,0.3437368560212576,0.06451612903225806,0.46296296296296297,0.03508771929824561,0.4,0.39440998224460555,0.8245189108490301,0.8478260869565217,0.8293650793650794,0.8333333333333335,1134.0
4,0.3115333481759265,0.09375,0.46296296296296297,0.05263157894736842,0.42857142857142855,0.346383184356534,0.8579967074549117,0.8804347826086957,0.8551587301587301,0.8634920634920635,1734.0
