,train_loss,f1_score_test_yolo,accuracy_test_yolo,precision_test_yolo,recall_test_yolo,test_loss,test_f1,test_acc,test_prec,test_recall,time_duration
0,0.7117323784975216,0.0,0.4722222222222222,0.0,0.0,0.7842953289332597,0.140625,0.5380434782608696,0.25,0.8478260869565217,523.0
1,0.7198268282874752,0.0,0.4722222222222222,0.0,0.0,0.7274087019588636,0.140625,0.5380434782608696,0.25,0.8478260869565217,1713.0
2,0.8322418696790969,0.0,0.4722222222222222,0.0,0.0,0.677632063627243,0.0,0.5923913043478262,0.0,1.0,1923.0
3,0.6182497417263714,0.0,0.4722222222222222,0.0,0.0,0.993367054540178,0.0,0.5923913043478262,0.0,1.0,3280.0
4,0.6905326892992317,0.0,0.4722222222222222,0.0,0.0,0.8164911276620367,0.458187134502924,0.6467391304347827,0.49007936507936506,0.6936002178649239,2757.0
