,train_loss,f1_score_test_yolo,accuracy_test_yolo,precision_test_yolo,recall_test_yolo,test_loss,test_f1,test_acc,test_prec,test_recall,time_duration
0,0.02380287209345521,0.0,0.4444444444444444,0.0,0.0,0.25266545157596143,0.8505689602463796,0.8913043478260869,0.7817460317460319,0.9605263157894737,317.0
1,0.031593224016518824,0.06349206349206349,0.4537037037037037,0.03508771929824561,0.3333333333333333,0.10816967488347512,0.9312095819835757,0.9456521739130435,0.8988095238095238,0.975,739.0
2,0.03469608910494408,0.03225806451612903,0.4444444444444444,0.017543859649122806,0.2,0.018997246178395984,0.9861003861003861,0.9891304347826088,0.9861111111111112,0.9868421052631579,1172.0
3,0.04119585464174631,0.09230769230769231,0.4537037037037037,0.05263157894736842,0.375,0.10584206264549878,0.9592245989304812,0.9673913043478262,0.9444444444444444,0.9782608695652174,1440.0
4,0.018221821927316566,0.4175824175824176,0.5092592592592593,0.3333333333333333,0.5588235294117647,0.021939455246509802,0.9857142857142858,0.9891304347826088,0.9722222222222223,1.0,1719.0
