,train_loss,f1_score_test_yolo,accuracy_test_yolo,precision_test_yolo,recall_test_yolo,test_loss,test_f1,test_acc,test_prec,test_recall,time_duration
0,0.8250485737926294,0.0,0.4722222222222222,0.0,0.0,1.5830490597692996e+16,0.0,0.5923913043478262,0.0,1.0,551.0
1,0.8191631034178775,0.0,0.4722222222222222,0.0,0.0,1.6274341773006553e+20,0.0,0.5923913043478262,0.0,1.0,552.0
2,0.64193604906352,0.0,0.4722222222222222,0.0,0.0,4.19167283728726e+22,0.2785560344827586,0.5652173913043479,0.3611111111111111,0.7796442687747035,972.0
3,0.7927867423522286,0.0,0.4722222222222222,0.0,0.0,1.8410136842186796e+24,0.4611817700052994,0.6739130434782609,0.4543650793650793,0.7357335646809331,1196.0
