,train_loss,f1_score_test_yolo,accuracy_test_yolo,precision_test_yolo,recall_test_yolo,test_loss,test_f1,test_acc,test_prec,test_recall,time_duration
0,0.7070136222326193,0.38095238095238093,0.39814814814814814,0.3508771929824561,0.4166666666666667,0.7825889095016147,0.48757309941520466,0.4891304347826087,0.6527777777777778,0.4058760683760684,1080.0
1,0.7117591209826764,0.38095238095238093,0.39814814814814814,0.3508771929824561,0.4166666666666667,0.7828882349574048,0.4954043111937848,0.4891304347826087,0.6666666666666667,0.4084972045498361,858.0
2,0.7056994914576105,0.38095238095238093,0.39814814814814814,0.3508771929824561,0.4166666666666667,0.7827550075624299,0.5147914281418774,0.5,0.6944444444444444,0.4219547614856539,1873.0
3,0.7041306614009866,0.38095238095238093,0.39814814814814814,0.3508771929824561,0.4166666666666667,0.7430053061765174,0.44711652441915606,0.5217391304347826,0.5277777777777777,0.41174812030075186,1368.0
4,0.6820120257218487,0.38095238095238093,0.39814814814814814,0.3508771929824561,0.4166666666666667,0.7090948411951895,0.3847518058044374,0.5,0.3849206349206349,0.3867481203007519,2450.0
