,train_loss,f1_score_test_yolo,accuracy_test_yolo,precision_test_yolo,recall_test_yolo,test_loss,test_f1,test_acc,test_prec,test_recall,time_duration
0,0.15127063878195895,0.5714285714285714,0.5833333333333334,0.5263157894736842,0.625,0.5339381876199141,0.5474398204814361,0.7282608695652173,0.5238095238095238,0.8483333333333334,660.0
1,0.13438332980406326,0.6909090909090909,0.5277777777777778,1.0,0.5277777777777778,0.3738365521877194,0.780004197686334,0.8423913043478262,0.751984126984127,0.8808441558441559,605.0
2,0.08345783290429606,0.14705882352941177,0.46296296296296297,0.08771929824561403,0.45454545454545453,0.4102569457507976,0.7575150369716366,0.8423913043478259,0.7123015873015873,0.9347826086956521,1268.0
3,0.07440816712517295,0.6909090909090909,0.5277777777777778,1.0,0.5277777777777778,0.2233783982127257,0.9237987987987988,0.9402173913043479,0.9007936507936508,0.9590643274853802,2117.0
4,0.056856707150078276,0.6564885496183206,0.5833333333333334,0.7543859649122807,0.581081081081081,0.42941714228009403,0.8574992081089643,0.8804347826086956,0.8730158730158731,0.8727355072463768,2678.0
