,train_loss,f1_score_test_yolo,accuracy_test_yolo,precision_test_yolo,recall_test_yolo,test_loss,test_f1,test_acc,test_prec,test_recall,time_duration
0,0.7710119462791637,0.6201550387596899,0.5462962962962963,0.7017543859649122,0.5555555555555556,0.7751688425955565,0.3013888888888889,0.4076086956521739,0.3194444444444444,0.2863005050505051,350.0
1,0.7749014091751163,0.6201550387596899,0.5462962962962963,0.7017543859649122,0.5555555555555556,0.7748034032790556,0.3025826830174656,0.4076086956521739,0.3194444444444444,0.28825396825396826,1177.0
2,0.780041555899951,0.6201550387596899,0.5462962962962963,0.7017543859649122,0.5555555555555556,0.7819592253021571,0.31816239316239314,0.4239130434782608,0.33333333333333337,0.30505952380952384,1488.0
3,0.7761286750814214,0.6201550387596899,0.5462962962962963,0.7017543859649122,0.5555555555555556,0.788634968192681,0.30744810744810747,0.42391304347826086,0.3194444444444444,0.2977065826330532,2471.0
4,0.7678627215388896,0.6201550387596899,0.5462962962962963,0.7017543859649122,0.5555555555555556,0.7879496184380157,0.33403540903540907,0.44021739130434784,0.3472222222222222,0.32303338001867415,2724.0
