,train_loss,f1_score_test_yolo,accuracy_test_yolo,precision_test_yolo,recall_test_yolo,test_loss,test_f1,test_acc,test_prec,test_recall,time_duration
0,0.6920624536066852,0.0967741935483871,0.48148148148148145,0.05263157894736842,0.6,0.6586211349653162,0.33733008495752126,0.6358695652173914,0.2261904761904762,0.6717261904761905,723.0
1,0.689565899906885,0.0967741935483871,0.48148148148148145,0.05263157894736842,0.6,0.6562288986599963,0.35820573105055864,0.6467391304347826,0.2400793650793651,0.7395833333333334,1070.0
2,0.6837213474721113,0.0967741935483871,0.48148148148148145,0.05263157894736842,0.6,0.6554992134156434,0.33424242424242423,0.6304347826086957,0.22619047619047616,0.6746031746031746,1766.0
3,0.6864262447391773,0.0967741935483871,0.48148148148148145,0.05263157894736842,0.6,0.654922955709955,0.3486914266191966,0.6304347826086957,0.2400793650793651,0.6583333333333333,2074.0
4,0.6866389160216791,0.0967741935483871,0.48148148148148145,0.05263157894736842,0.6,0.654470888816792,0.3657488344988345,0.6413043478260869,0.251984126984127,0.7196969696969697,2851.0
