,train_loss,f1_score_test_yolo,accuracy_test_yolo,precision_test_yolo,recall_test_yolo,test_loss,test_f1,test_acc,test_prec,test_recall,time_duration
0,0.19728515824210688,0.0,0.4722222222222222,0.0,0.0,0.2243936153371697,0.9002498296615944,0.923913043478261,0.8432539682539683,0.96875,1225.0
1,0.082793297921786,0.0,0.4722222222222222,0.0,0.0,0.10377872135976088,0.9653310104529618,0.9728260869565217,0.9464285714285714,0.9852941176470588,1788.0
2,0.03835660697748161,0.0,0.4722222222222222,0.0,0.0,0.04677770522666043,0.9857142857142858,0.9891304347826089,0.9722222222222223,1.0,2216.0
3,0.023942724999801636,0.0,0.4722222222222222,0.0,0.0,0.02431662659585962,0.9928571428571429,0.9945652173913044,0.9861111111111112,1.0,2692.0
4,0.01485346695954406,0.0,0.4722222222222222,0.0,0.0,0.011803135969271156,1.0,1.0,1.0,1.0,3286.0
