,train_loss,f1_score_test_yolo,accuracy_test_yolo,precision_test_yolo,recall_test_yolo,test_loss,test_f1,test_acc,test_prec,test_recall,time_duration
0,0.7094801084162102,0.6260869565217392,0.6018518518518519,0.631578947368421,0.6206896551724138,0.6792248105225356,0.10984848484848483,0.5652173913043478,0.06547619047619047,0.35416666666666663,1156.0
1,0.7065927607549001,0.6260869565217392,0.6018518518518519,0.631578947368421,0.6206896551724138,0.6795381605625153,0.10984848484848483,0.5652173913043478,0.06547619047619047,0.35416666666666663,1569.0
2,0.7079346102843693,0.6260869565217392,0.6018518518518519,0.631578947368421,0.6206896551724138,0.678141545990239,0.08992094861660077,0.5597826086956522,0.05357142857142857,0.3125,2217.0
3,0.70356989526691,0.6260869565217392,0.6018518518518519,0.631578947368421,0.6206896551724138,0.680287193344987,0.08992094861660078,0.5652173913043478,0.05357142857142857,0.3125,3088.0
4,0.7056997177318333,0.6260869565217392,0.6018518518518519,0.631578947368421,0.6206896551724138,0.6806375099265057,0.08992094861660078,0.5597826086956521,0.05357142857142857,0.3125,3643.0
