,train_loss,f1_score_test_yolo,accuracy_test_yolo,precision_test_yolo,recall_test_yolo,test_loss,test_f1,test_acc,test_prec,test_recall,time_duration
0,0.7301721435936647,0.09230769230769231,0.4537037037037037,0.05263157894736842,0.375,0.7100477801716847,0.2625691699604743,0.6304347826086957,0.1607142857142857,0.725,475.0
1,0.7148978126740946,0.09230769230769231,0.4537037037037037,0.05263157894736842,0.375,0.7029271177623584,0.28134387351778656,0.6358695652173914,0.1746031746031746,0.7375,474.0
2,0.7062633203696166,0.09230769230769231,0.4537037037037037,0.05263157894736842,0.375,0.6912257632483607,0.28134387351778656,0.6358695652173914,0.1746031746031746,0.7375,1070.0
3,0.6932621530855148,0.09230769230769231,0.4537037037037037,0.05263157894736842,0.375,0.6842423716317052,0.28134387351778656,0.6358695652173912,0.1746031746031746,0.7374999999999999,1701.0
4,0.6866652478329937,0.09090909090909091,0.4444444444444444,0.05263157894736842,0.3333333333333333,0.6728954379973204,0.3011067193675889,0.6467391304347826,0.1884920634920635,0.7625,2157.0
