,train_loss,f1_score_test_yolo,accuracy_test_yolo,precision_test_yolo,recall_test_yolo,test_loss,test_f1,test_acc,test_prec,test_recall,time_duration
0,0.26260196186034535,0.2608695652173913,0.5277777777777778,0.15789473684210525,0.75,0.29462217361382814,0.8968984962406016,0.923913043478261,0.8412698412698413,0.9642857142857143,3044.0
1,0.10284017493099226,0.2535211267605634,0.5092592592592593,0.15789473684210525,0.6428571428571429,0.14602652216411155,0.9442146089204912,0.9565217391304348,0.9087301587301588,0.984375,2042.0
2,0.049412834143858435,0.21212121212121213,0.5185185185185185,0.12280701754385964,0.7777777777777778,0.07607580352898526,0.9781512605042016,0.9836956521739131,0.9583333333333334,1.0,4820.0
3,0.02565505554642812,0.15873015873015872,0.5092592592592593,0.08771929824561403,0.8333333333333334,0.03964017234418703,0.9857142857142858,0.9891304347826089,0.9722222222222223,1.0,5409.0
4,0.017868816445467874,0.1,0.5,0.05263157894736842,1.0,0.019958197377095727,1.0,1.0,1.0,1.0,7067.0
