,train_loss,f1_score_test_yolo,accuracy_test_yolo,precision_test_yolo,recall_test_yolo,test_loss,test_f1,test_acc,test_prec,test_recall,time_duration
0,0.01227275277583656,0.22857142857142856,0.5,0.14035087719298245,0.6153846153846154,0.057717045637495495,0.9568894520114033,0.9673913043478262,0.9186507936507937,1.0,1016.0
1,0.007568674171602459,0.03225806451612903,0.4444444444444444,0.017543859649122806,0.2,0.009791937234695071,0.9932432432432432,0.9945652173913044,1.0,0.9868421052631579,1025.0
2,0.004137076122821123,0.0,0.4444444444444444,0.0,0.0,0.004137809595387966,1.0,1.0,1.0,1.0,2160.0
3,0.004176647872652773,0.0,0.46296296296296297,0.0,0.0,0.07316026987704706,0.9593023255813954,0.9619565217391304,1.0,0.9299999999999999,2267.0
4,0.0031995936898686402,0.0,0.46296296296296297,0.0,0.0,0.030790104183680618,0.9861003861003861,0.9891304347826089,0.9861111111111112,0.9868421052631579,3224.0
